name,Longitude,Latitude,datetime,datetime,temp,humidity,precip,preciptype,windspeed,sealevelpressure,cloudcover,visibility,solarradiation,uvindex
"Lagos,Nigeria",3.3792° E,6.5244° N,4/1/2017,April,28.8,81.1,1.2,rain,17.3,,75.4,,182.3,6
"Lagos,Nigeria",,,4/2/2017,April,28.9,82.4,0.6,rain,18,,83.2,,162,6
"Lagos,Nigeria",,,4/3/2017,April,30.1,76.6,0.9,rain,16.6,1007.8,71.6,9.8,102.1,4
"Lagos,Nigeria",,,4/4/2017,April,29.3,80.4,0.8,rain,18.7,1008,70.5,9.5,91.7,3
"Lagos,Nigeria",,,4/5/2017,April,28.6,87.8,2.3,rain,20.9,,83.9,,80.4,3
"Lagos,Nigeria",,,4/6/2017,April,28.6,84.2,4.1,rain,21.6,,73.2,9,125.6,4
"Lagos,Nigeria",,,4/7/2017,April,28,83.4,1.1,rain,18.4,1009.5,65.5,8.5,128.6,4
"Lagos,Nigeria",,,4/8/2017,April,28.1,87,20,rain,19.1,1008.1,61.9,8.8,141.3,5
"Lagos,Nigeria",,,4/9/2017,April,27.2,86.7,1.3,rain,27.7,1009.2,54.5,8.1,124.7,5
"Lagos,Nigeria",,,4/10/2017,April,28.1,83.1,0.9,rain,16.6,1008.3,52.3,7.6,136.7,5
"Lagos,Nigeria",,,4/11/2017,April,28.6,86.5,2.9,rain,21.2,1008.8,63,8.9,116,4
"Lagos,Nigeria",,,4/12/2017,April,30.1,79.7,3.3,rain,25.2,1008.4,64,10,150.1,5
"Lagos,Nigeria",,,4/13/2017,April,28.9,84.6,4,rain,23,1008.2,72,9.3,98.8,3
"Lagos,Nigeria",,,4/14/2017,April,29.3,79.6,5,rain,23.4,1009.3,59.1,10,163.2,6
"Lagos,Nigeria",,,4/15/2017,April,28.5,81,1.1,rain,20.9,1010.8,63,9.1,194.9,7
"Lagos,Nigeria",,,4/16/2017,April,29.4,74.6,4.1,rain,23.8,1010.1,72.1,9.4,130.7,4
"Lagos,Nigeria",,,4/17/2017,April,30,77.7,3.5,rain,16.6,1009.5,82.4,10,103.4,3
"Lagos,Nigeria",,,4/18/2017,April,29.8,79.5,0.8,rain,18.4,1009.3,61.6,10,107.1,4
"Lagos,Nigeria",,,4/19/2017,April,29.8,80.3,0.6,rain,14.8,1008.5,57.9,9.7,128.8,5
"Lagos,Nigeria",,,4/20/2017,April,25.9,91,9,rain,22.3,1009.5,57.6,7.1,160.3,6
"Lagos,Nigeria",,,4/21/2017,April,28.1,82.8,23,rain,20.5,1009.5,55.5,7.5,167.1,6
"Lagos,Nigeria",,,4/22/2017,April,28.7,83.9,0,,18.4,,76.5,,190.7,6
"Lagos,Nigeria",,,4/23/2017,April,28.7,82.1,0,,19.4,,88.6,,171.4,6
"Lagos,Nigeria",,,4/24/2017,April,28.7,84,0,,17.6,1011.6,75.1,10,153.7,6
"Lagos,Nigeria",,,4/25/2017,April,29,81.1,0,,25.9,1010.9,64,10,112.3,4
"Lagos,Nigeria",,,4/26/2017,April,28.6,80.7,0,,22.3,1010.9,51.9,8.8,195.3,7
"Lagos,Nigeria",,,4/27/2017,April,29.7,74.8,0,,18.4,1011.3,57.5,9.7,193.2,7
"Lagos,Nigeria",,,4/28/2017,April,29.2,80.4,0,,16.6,1011.5,57.5,9.7,137.3,5
"Lagos,Nigeria",,,4/29/2017,April,29.4,79.3,0,,22.3,1011.2,54.3,10,127.2,4
"Lagos,Nigeria",,,4/30/2017,April,30,78,0,,24.1,1011.1,53.7,9.7,146.9,5
"Lagos,Nigeria",,,5/1/2017,May,26.2,90.2,14,rain,13,1010.3,46.5,8.3,114.1,4
"Lagos,Nigeria",,,5/2/2017,May,27.6,85.8,0.2,rain,12.2,1009.8,48.8,8.7,124.6,4
"Lagos,Nigeria",,,5/3/2017,May,28.8,82,4.4,rain,17.3,1009.5,64.8,9.4,169.3,6
"Lagos,Nigeria",,,5/4/2017,May,28.3,79.6,3,rain,16.7,1010,57.1,9.5,197.1,7
"Lagos,Nigeria",,,5/5/2017,May,27.3,81.1,57,rain,48.2,1010,53.1,8.3,136.1,5
"Lagos,Nigeria",,,5/6/2017,May,28.8,82.4,1.1,rain,16.6,1011.9,66.3,8.1,174,7
"Lagos,Nigeria",,,5/7/2017,May,27.1,84.4,16,rain,18.4,1010.1,51.6,9.3,120.4,4
"Lagos,Nigeria",,,5/8/2017,May,28.6,82.7,0,,14.8,1010.1,62.9,9.1,137.2,4
"Lagos,Nigeria",,,5/9/2017,May,28.6,80.3,1.4,rain,24.1,1009.8,44.3,9.5,181.9,7
"Lagos,Nigeria",,,5/10/2017,May,29.3,77.4,0,,18.4,1010.2,50.7,9.4,239.2,8
"Lagos,Nigeria",,,5/11/2017,May,25.7,92.5,54,rain,18.4,1011.4,53.6,7.7,163.1,6
"Lagos,Nigeria",,,5/12/2017,May,28,83.4,0.1,rain,18.4,1011.3,50.9,8.7,124.2,4
"Lagos,Nigeria",,,5/13/2017,May,29,80.9,0.6,rain,18.4,1011.2,43.4,8.9,145.8,5
"Lagos,Nigeria",,,5/14/2017,May,29.4,83.2,0.9,rain,22,1010.7,63.5,9.8,115,4
"Lagos,Nigeria",,,5/15/2017,May,29.1,83.2,0,,22.3,1011.7,59.1,10,111.5,4
"Lagos,Nigeria",,,5/16/2017,May,27.2,89.3,2,rain,22.3,1012.9,67.9,8.5,123.2,4
"Lagos,Nigeria",,,5/17/2017,May,27.8,82.2,2,rain,14.8,1011.6,47.6,8.8,212.8,7
"Lagos,Nigeria",,,5/18/2017,May,28.2,83.6,1,rain,21.8,1010.9,57.5,9.3,181.1,6
"Lagos,Nigeria",,,5/19/2017,May,28.6,82.5,0.1,rain,20.2,1011.5,63,9.4,155.4,6
"Lagos,Nigeria",,,5/20/2017,May,26,90.6,47,rain,18.4,1012.4,54.1,7.4,99.8,4
"Lagos,Nigeria",,,5/21/2017,May,27.4,82.7,0.1,rain,13,1011.5,52.1,7.8,145,5
"Lagos,Nigeria",,,5/22/2017,May,29.4,79.3,0.3,rain,20.5,1010.1,57.6,9.6,133.6,5
"Lagos,Nigeria",,,5/23/2017,May,29.2,83.2,1,rain,20.3,1010,57.8,9.9,71.9,2
"Lagos,Nigeria",,,5/24/2017,May,29.4,80,0.1,rain,25.9,1010.9,57.3,9.8,182.7,6
"Lagos,Nigeria",,,5/25/2017,May,26.3,87.5,10,rain,25.9,1012.2,57.8,9.1,124.1,5
"Lagos,Nigeria",,,5/26/2017,May,27,84.4,5,rain,13,1013.2,49.6,8.4,212.6,7
"Lagos,Nigeria",,,5/27/2017,May,28.3,81.8,0.4,rain,14.8,1013.2,55.7,9.4,192.1,6
"Lagos,Nigeria",,,5/28/2017,May,28.5,83.3,0.3,rain,25.9,1012.6,55.9,9.4,169.3,6
"Lagos,Nigeria",,,5/29/2017,May,29.1,81.7,0.2,rain,18.4,1012.6,56.2,9.8,176.6,6
"Lagos,Nigeria",,,5/30/2017,May,28,84.3,0.4,rain,44.6,1012.6,58.8,9.8,139,6
"Lagos,Nigeria",,,5/31/2017,May,26,89.9,8,rain,18.4,1014.7,47.5,7.5,99.7,3
"Lagos,Nigeria",,,6/1/2017,June,27.5,79,0.1,rain,12.8,1013.8,43,9.3,232.7,8
"Lagos,Nigeria",,,6/2/2017,June,28.2,83.5,0.3,rain,22.3,1013.5,60.6,9.2,114.3,4
"Lagos,Nigeria",,,6/3/2017,June,26.8,89.8,11,rain,13,1012.2,67.5,8.2,179.5,6
"Lagos,Nigeria",,,6/4/2017,June,25.4,89.7,63,rain,51.8,1012.9,64.1,8.3,135.5,5
"Lagos,Nigeria",,,6/5/2017,June,26.2,90,7,rain,18.3,1012.1,64.7,8.2,139.1,5
"Lagos,Nigeria",,,6/6/2017,June,26.5,89.7,5,rain,14.8,1012.7,55.1,8.4,149.2,6
"Lagos,Nigeria",,,6/7/2017,June,27.3,87,0.7,rain,11.9,1012.9,57.2,8.4,173.4,6
"Lagos,Nigeria",,,6/8/2017,June,27.9,85.2,2,rain,14.8,1011.1,57,8.4,168.5,6
"Lagos,Nigeria",,,6/9/2017,June,28.6,85.6,1.3,rain,20.5,1009.9,62.9,9.5,95.1,3
"Lagos,Nigeria",,,6/10/2017,June,27.5,89.9,5,rain,22.3,1010.9,66.1,8.6,91,4
"Lagos,Nigeria",,,6/11/2017,June,28,84.7,0,,20.5,1011,50.4,9.7,171.6,6
"Lagos,Nigeria",,,6/12/2017,June,26.4,90.1,49,rain,25.9,1010.9,71.3,7.4,97.1,3
"Lagos,Nigeria",,,6/13/2017,June,26.7,85,9.5,rain,19.1,,88.4,,83.8,3
"Lagos,Nigeria",,,6/14/2017,June,26.9,88.8,5.7,rain,20.9,1012.7,84.5,8.2,126.8,4
"Lagos,Nigeria",,,6/15/2017,June,26.5,89.9,0.5,rain,18.4,1012.7,47.9,7.1,211.2,6
"Lagos,Nigeria",,,6/16/2017,June,26.9,85.3,12.5,rain,22.3,1012.2,64.3,9.2,101.8,3
"Lagos,Nigeria",,,6/17/2017,June,25.5,86.1,0.8,rain,20.9,1011.8,46.6,9,153.1,5
"Lagos,Nigeria",,,6/18/2017,June,27,84.3,0.1,rain,18.4,1011,60.3,9.1,176.5,7
"Lagos,Nigeria",,,6/19/2017,June,27.6,83.3,0.4,rain,27.7,1011.6,69.6,8.4,112.1,4
"Lagos,Nigeria",,,6/20/2017,June,25.8,90.1,29,rain,21.6,1013.4,62.7,7.8,97.8,3
"Lagos,Nigeria",,,6/21/2017,June,26.7,84.4,11,rain,14,1013.1,66.9,10.1,205.4,7
"Lagos,Nigeria",,,6/22/2017,June,27.8,85.2,99,rain,18.4,1011.9,59.7,9.6,121.5,4
"Lagos,Nigeria",,,6/23/2017,June,27,88.5,2,rain,23.8,1011.7,58.3,9.5,83.5,3
"Lagos,Nigeria",,,6/24/2017,June,27.2,83.7,10,rain,18,1011.2,66.1,9.2,116.9,4
"Lagos,Nigeria",,,6/25/2017,June,26.6,88.9,16,rain,14.8,1012,63,9,130.1,5
"Lagos,Nigeria",,,6/26/2017,June,26.9,84.3,4.6,rain,22.3,1012.5,52,10.7,124.1,5
"Lagos,Nigeria",,,6/27/2017,June,27.4,84.4,0.6,rain,14.8,1012.7,64.8,9.3,110.3,4
"Lagos,Nigeria",,,6/28/2017,June,27,87.2,22,rain,19.1,1013.6,56.4,9,113.8,4
"Lagos,Nigeria",,,6/29/2017,June,26.2,91.1,11,rain,20.5,1013.6,64.2,9.1,158.8,5
"Lagos,Nigeria",,,6/30/2017,June,26.3,88,0.8,rain,16.6,1014.5,61,9,178.1,7
"Lagos,Nigeria",,,7/1/2017,July,26.1,90.4,20,rain,21.2,1013.9,71.6,8.4,76,3
"Lagos,Nigeria",,,7/2/2017,July,27.3,85.5,2.2,rain,20.9,1013.7,83.5,9,118,4
"Lagos,Nigeria",,,7/3/2017,July,27,86.3,5.8,rain,23,1014.5,74.5,9,89,3
"Lagos,Nigeria",,,7/4/2017,July,26.6,88.5,0.3,rain,22.3,1014,61.7,9,108.8,3
"Lagos,Nigeria",,,7/5/2017,July,25.6,92.6,10,rain,24.1,1014.3,69.1,7,105.7,3
"Lagos,Nigeria",,,7/6/2017,July,24.2,95.4,66,rain,18.4,1014.9,64.7,8,180.5,7
"Lagos,Nigeria",,,7/7/2017,July,25.4,91,0.9,rain,18.4,1014.9,73,7.2,222.6,8
"Lagos,Nigeria",,,7/8/2017,July,24.7,94.7,18.1,rain,16.6,1014.5,71.6,6.7,232.7,8
"Lagos,Nigeria",,,7/9/2017,July,25.1,91.8,15,rain,22.3,1015,65.7,7.5,210.1,7
"Lagos,Nigeria",,,7/10/2017,July,25.9,82,0,,22.3,1015.1,66.6,9.1,203.9,8
"Lagos,Nigeria",,,7/11/2017,July,25.7,81,0,,20.5,1016.2,57,9.4,241.9,8
"Lagos,Nigeria",,,7/12/2017,July,26.1,81.8,0,,16.9,1015.9,54.5,9.6,263,9
"Lagos,Nigeria",,,7/13/2017,July,25.9,85,0,,20.5,1015.4,49.2,9.3,258.9,8
"Lagos,Nigeria",,,7/14/2017,July,26.7,81.4,0,,20.2,1014.3,70.6,9.7,217.5,8
"Lagos,Nigeria",,,7/15/2017,July,26.6,84,0.1,rain,20.5,1014.3,56.8,9,159.3,6
"Lagos,Nigeria",,,7/16/2017,July,25.7,89.4,2.1,rain,25.2,1015,65.7,9.1,134.4,5
"Lagos,Nigeria",,,7/17/2017,July,25.7,91.3,8,rain,22.3,1013.2,62.5,7.9,196.6,7
"Lagos,Nigeria",,,7/18/2017,July,25.3,92.5,5,rain,20.5,1014.1,72.1,7.3,132.2,4
"Lagos,Nigeria",,,7/19/2017,July,25.9,88,2.2,rain,18.4,,69.7,8,207.8,7
"Lagos,Nigeria",,,7/20/2017,July,26.1,87.8,3.1,rain,21.6,,34.5,,231.1,8
"Lagos,Nigeria",,,7/21/2017,July,26.1,88,5.2,rain,25.6,,60.1,,210.6,7
"Lagos,Nigeria",,,7/22/2017,July,25.9,91.4,44.4,rain,30.2,,93.9,,72,2
"Lagos,Nigeria",,,7/23/2017,July,25.7,90,23,rain,31.7,1015,83.8,8.1,88.4,4
"Lagos,Nigeria",,,7/24/2017,July,25.3,89.9,6,rain,24.5,1015.3,54.9,8.5,184.1,7
"Lagos,Nigeria",,,7/25/2017,July,25.3,88.5,5,rain,31.7,1014.9,76.1,8.1,118.3,3
"Lagos,Nigeria",,,7/26/2017,July,25.5,88.2,0.1,rain,21.6,1014.5,68.4,8.1,224.6,8
"Lagos,Nigeria",,,7/27/2017,July,25.5,86.6,0.5,rain,18,1013.2,84.8,10,238,8
"Lagos,Nigeria",,,7/28/2017,July,26.2,86.8,0.2,rain,20.5,1013.4,68.5,9.2,201.2,7
"Lagos,Nigeria",,,7/29/2017,July,25.9,87.7,0.3,rain,22.3,1015.1,68.3,8.5,164.7,5
"Lagos,Nigeria",,,7/30/2017,July,26.1,84.5,0.7,rain,25.9,1013.6,70.8,9.5,201.2,7
"Lagos,Nigeria",,,7/31/2017,July,25.8,85.3,0,,27.7,1013.8,67.4,9.5,210.9,7
"Lagos,Nigeria",,,8/1/2017,August,25.7,87.2,2.4,rain,24.1,1015,70.2,8,168.2,5
"Lagos,Nigeria",,,8/2/2017,August,25.2,91.7,9,rain,24.1,1014.8,71.3,8.4,135.7,5
"Lagos,Nigeria",,,8/3/2017,August,24.4,92.3,8,rain,24.1,1015,68.2,7.3,232.2,8
"Lagos,Nigeria",,,8/4/2017,August,24.9,88.5,4,rain,25.9,1014.6,73.1,8,191.6,6
"Lagos,Nigeria",,,8/5/2017,August,24.7,90.3,7,rain,24.1,1013.6,70.3,8.2,211.6,7
"Lagos,Nigeria",,,8/6/2017,August,25.3,88.4,0,,24.1,1013.6,82.5,9,217.9,7
"Lagos,Nigeria",,,8/7/2017,August,25.3,85.5,0.1,rain,25.9,1014.7,66.2,9.3,195.1,7
"Lagos,Nigeria",,,8/8/2017,August,25,88.9,0.5,rain,22.3,1014.2,59.4,9,210.7,7
"Lagos,Nigeria",,,8/9/2017,August,25.1,90.2,0.1,rain,20.9,1015,62.9,9.2,216.6,8
"Lagos,Nigeria",,,8/10/2017,August,25.8,87.5,0.5,rain,22.3,1014.3,61.8,9.3,218.4,8
"Lagos,Nigeria",,,8/11/2017,August,25.8,85.6,0,,18.4,1014.1,65.7,8.5,168.4,5
"Lagos,Nigeria",,,8/12/2017,August,25.9,85.7,0,,25.9,1013.4,60.9,9.1,198.5,7
"Lagos,Nigeria",,,8/13/2017,August,26.2,85.7,0,,24.1,1012.8,60.2,9.8,211.6,7
"Lagos,Nigeria",,,8/14/2017,August,25.6,88.5,2.6,rain,24.1,1012.2,76,9.5,170.8,7
"Lagos,Nigeria",,,8/15/2017,August,25.6,86.9,2,rain,27.7,1013.4,86.9,9.2,217.8,7
"Lagos,Nigeria",,,8/16/2017,August,25.6,88,0.7,rain,22.3,1012.8,75.8,7.6,161.7,6
"Lagos,Nigeria",,,8/17/2017,August,24.8,89.9,17,rain,27.7,1011.6,72.1,8.1,135,5
"Lagos,Nigeria",,,8/18/2017,August,25.5,86.2,0.2,rain,20.9,1011.3,81.9,9,202.7,7
"Lagos,Nigeria",,,8/19/2017,August,25.2,83.7,0,,19.4,1012.8,43.6,9.1,275.3,9
"Lagos,Nigeria",,,8/20/2017,August,25.4,83.5,0,,20.5,1013.4,56.2,9.3,264.5,9
"Lagos,Nigeria",,,8/21/2017,August,25.2,84.4,0,,25.9,1013.1,57.6,9.7,226.2,8
"Lagos,Nigeria",,,8/22/2017,August,25.3,83.2,0,,22.3,1013.5,58.6,9.3,210,8
"Lagos,Nigeria",,,8/23/2017,August,25.4,83.1,0,,18,1012.6,56.6,9.8,262.5,9
"Lagos,Nigeria",,,8/24/2017,August,25.7,84.2,0,,14.8,1012.3,59.4,9.1,260.5,9
"Lagos,Nigeria",,,8/25/2017,August,23.6,91.9,39,rain,20.5,1012.1,56.6,9,166.2,6
"Lagos,Nigeria",,,8/26/2017,August,24.7,88.7,4,rain,18.4,1012.9,55.6,7.2,126.5,4
"Lagos,Nigeria",,,8/27/2017,August,25,89,0.6,rain,22.3,1014.1,59.8,8.8,165.4,6
"Lagos,Nigeria",,,8/28/2017,August,25.5,87.2,0,,24.1,1013,55.8,9.5,148.5,5
"Lagos,Nigeria",,,8/29/2017,August,25,89.4,0,,26.3,1012.5,76.8,9.4,176.8,6
"Lagos,Nigeria",,,8/30/2017,August,25.2,88.1,3,rain,27.7,1013.4,68.8,9.6,177.2,6
"Lagos,Nigeria",,,8/31/2017,August,25.2,87.5,0,,25.9,1013.8,67.7,9.9,240.5,8
"Lagos,Nigeria",,,9/1/2017,September,25.7,84.5,0,,25.9,1014.7,55.2,9.2,244.7,9
"Lagos,Nigeria",,,9/2/2017,September,25.6,85.2,0,,20.5,1014.4,59.2,9.5,153.3,4
"Lagos,Nigeria",,,9/3/2017,September,25.4,87.2,0,,18.4,1014,58.3,9.8,197.3,7
"Lagos,Nigeria",,,9/4/2017,September,25.6,85.1,0,,22.3,1013.8,63,10,243.8,8
"Lagos,Nigeria",,,9/5/2017,September,25.8,85.3,0,,20.9,1014.2,59.7,9.4,254.8,9
"Lagos,Nigeria",,,9/6/2017,September,25.8,85.7,0,,27.7,1013.3,64.5,9.6,257.1,9
"Lagos,Nigeria",,,9/7/2017,September,24.5,91.7,11,rain,20.9,1013,66.4,7.4,168.9,6
"Lagos,Nigeria",,,9/8/2017,September,25,90.4,25,rain,23.4,1013.4,77.9,7.9,249.2,9
"Lagos,Nigeria",,,9/9/2017,September,26,88.1,0,,18.4,1012.9,57.1,9.3,240.9,8
"Lagos,Nigeria",,,9/10/2017,September,26,86.8,0.2,rain,22.3,1012.2,59.3,9.4,236.4,8
"Lagos,Nigeria",,,9/11/2017,September,24.8,89.1,290,rain,22.3,1012.6,80.8,8.1,159.9,6
"Lagos,Nigeria",,,9/12/2017,September,25.2,89.7,0,,22.3,1012.9,61.1,9.4,158,5
"Lagos,Nigeria",,,9/13/2017,September,25.1,91.8,0,,22.3,1014,55.8,8.9,170.6,6
"Lagos,Nigeria",,,9/14/2017,September,26.2,86.6,0,,24.1,1013.2,64.7,9.2,196.5,6
"Lagos,Nigeria",,,9/15/2017,September,25.9,87.8,0,,25.9,1013,68.7,9,206.5,7
"Lagos,Nigeria",,,9/16/2017,September,26.3,85.5,2,rain,24.1,1012.7,65.2,9.9,188.1,6
"Lagos,Nigeria",,,9/17/2017,September,26.5,83.3,0,,20.5,1014.5,55,9.8,279.1,10
"Lagos,Nigeria",,,9/18/2017,September,25.7,87.7,0,,20.5,1014.6,46.9,9.8,257.3,9
"Lagos,Nigeria",,,9/19/2017,September,26.3,86.6,0,,24.5,1013.2,74,10,209.4,8
"Lagos,Nigeria",,,9/20/2017,September,26.3,85.3,0,,20.2,,59.5,,212.4,7
"Lagos,Nigeria",,,9/21/2017,September,26.3,85,0,,24.1,,65.8,10,243.8,9
"Lagos,Nigeria",,,9/22/2017,September,27,79.8,0.1,rain,23.8,1012.8,64.3,9.8,225.4,8
"Lagos,Nigeria",,,9/23/2017,September,27,80.6,0,,22.3,1014.1,51.9,9.8,165.8,5
"Lagos,Nigeria",,,9/24/2017,September,25.3,87.5,49,rain,27.7,1013.7,52,9.1,148.7,6
"Lagos,Nigeria",,,9/25/2017,September,26.7,85.6,0.3,rain,24.1,1011.6,60.3,9,152.1,5
"Lagos,Nigeria",,,9/26/2017,September,24.1,95.1,4,rain,27.7,1011.3,52.4,6.5,109.2,4
"Lagos,Nigeria",,,9/27/2017,September,26.4,83.2,0.3,rain,24.1,1011.5,41.2,7.8,223.5,7
"Lagos,Nigeria",,,9/28/2017,September,25.6,88.5,0.3,rain,20.5,1012.5,51,9.1,121.6,4
"Lagos,Nigeria",,,9/29/2017,September,26.2,88.5,1,rain,137.2,1012.5,62.6,8.6,142.8,5
"Lagos,Nigeria",,,9/30/2017,September,26.5,83.3,6,rain,27.7,1011.3,59.9,8.6,188.2,7
"Lagos,Nigeria",,,10/1/2017,October,28.8,79.4,0.1,rain,25.9,1010.9,51.6,9,175.8,6
"Lagos,Nigeria",,,10/2/2017,October,26,87.2,5,rain,18.4,1011.3,57,9.7,130.2,4
"Lagos,Nigeria",,,10/3/2017,October,26.4,84.6,0,,24.1,1010,43,8.9,201.7,7
"Lagos,Nigeria",,,10/4/2017,October,26.4,87.2,25,rain,25.9,1011.5,60.9,9,135.5,5
"Lagos,Nigeria",,,10/5/2017,October,26.2,87.5,1,rain,25.9,1011.6,62.4,8.7,121.4,4
"Lagos,Nigeria",,,10/6/2017,October,26.9,85.5,1.3,rain,27.7,1010.9,58.7,8.6,205.7,7
"Lagos,Nigeria",,,10/7/2017,October,25.8,90.6,27,rain,22.3,1011.1,68.2,8.2,198.5,7
"Lagos,Nigeria",,,10/8/2017,October,25.9,89.2,0.6,rain,18.4,1011.6,66.7,8.9,92.6,3
"Lagos,Nigeria",,,10/9/2017,October,27.3,85.8,0,,24.1,1011.1,53.6,9.3,167.4,6
"Lagos,Nigeria",,,10/10/2017,October,26.5,87,35,rain,25.9,1010.9,64.2,8.3,136,5
"Lagos,Nigeria",,,10/11/2017,October,25.9,87.7,0,,24.1,1011.9,55.6,8.2,194.2,7
"Lagos,Nigeria",,,10/12/2017,October,24.9,92.7,17,rain,20.5,1012.3,57.7,8.7,133.3,5
"Lagos,Nigeria",,,10/13/2017,October,26.7,86.4,0.3,rain,19.1,1011.8,65.2,8.8,133.4,5
"Lagos,Nigeria",,,10/14/2017,October,27.4,82.6,0.1,rain,22.3,1012,57.7,8.2,150,6
"Lagos,Nigeria",,,10/15/2017,October,27.4,85.1,0.2,rain,22.3,1012.4,59.4,8.8,213.4,7
"Lagos,Nigeria",,,10/16/2017,October,27.3,86.8,0,,20.5,1013.3,56.9,9.8,193.5,6
"Lagos,Nigeria",,,10/17/2017,October,27.8,86.5,2,rain,24.1,1013.1,58.1,8.6,193.1,7
"Lagos,Nigeria",,,10/18/2017,October,26.7,90.7,0.1,rain,18.4,1013.2,63.8,7.9,102.9,3
"Lagos,Nigeria",,,10/19/2017,October,26.8,86.1,0,,16.6,1013,56,6.7,211.9,8
"Lagos,Nigeria",,,10/20/2017,October,27.6,84.4,0,,20.5,1012.7,65.2,7.7,211.2,8
"Lagos,Nigeria",,,10/21/2017,October,27.8,84.2,0.2,rain,27.7,1012.7,57.5,7.7,224.2,8
"Lagos,Nigeria",,,10/22/2017,October,27.1,87.6,11,rain,25.9,1012.7,54.5,8.7,197.2,8
"Lagos,Nigeria",,,10/23/2017,October,27.5,86.7,5,rain,27.7,1011.9,53.5,8.9,221.4,8
"Lagos,Nigeria",,,10/24/2017,October,27.7,84.2,0.1,rain,18.4,1010.8,57.1,8.8,242.8,9
"Lagos,Nigeria",,,10/25/2017,October,28.1,83.3,0.1,rain,22.3,1010.6,56.2,8.6,200.1,7
"Lagos,Nigeria",,,10/26/2017,October,28.5,83.4,0,,27.7,1011.2,57.4,9.6,123.9,4
"Lagos,Nigeria",,,10/27/2017,October,26.3,93.1,32,rain,18.4,1011.1,55.9,8.5,105.9,4
"Lagos,Nigeria",,,10/28/2017,October,27,88.2,0,,20.5,1010.3,61,8.7,118.9,4
"Lagos,Nigeria",,,10/29/2017,October,27.7,84.1,0,,18.4,1010.3,52.9,7.2,201.7,8
"Lagos,Nigeria",,,10/30/2017,October,28.6,83.3,0,,24.1,1009.9,60.4,8.3,185.4,7
"Lagos,Nigeria",,,10/31/2017,October,27.8,86,0,,20.5,1010.4,50.9,7.5,135.7,5
"Lagos,Nigeria",,,4/1/2018,April,29.2,84.7,0,,20.9,1008.9,57.8,8.6,92.5,4
"Lagos,Nigeria",,,4/2/2018,April,29.4,82.3,0,,24.1,1008.9,52,7.2,91.4,3
"Lagos,Nigeria",,,4/3/2018,April,29.3,82.9,0,,23.8,1008.9,60.3,7.7,141.9,5
"Lagos,Nigeria",,,4/4/2018,April,29.5,81.7,0,,22.1,1009.9,57.8,8.6,156,6
"Lagos,Nigeria",,,4/5/2018,April,28.3,85.7,0.3,rain,19.4,1010.5,62.3,7.6,95.8,3
"Lagos,Nigeria",,,4/6/2018,April,28.5,83.3,3.5,rain,25.9,1009.4,71.6,8.2,107.4,4
"Lagos,Nigeria",,,4/7/2018,April,29.3,80.6,1.6,rain,18.4,1009.9,66,8,196,7
"Lagos,Nigeria",,,4/8/2018,April,27.3,85.1,19,rain,37.1,1011.5,54.1,8.5,152.4,5
"Lagos,Nigeria",,,4/9/2018,April,27.6,84.6,0.3,rain,24.1,1012.9,59.6,8.8,202.2,8
"Lagos,Nigeria",,,4/10/2018,April,26.3,86.7,0,,13,1013.4,54.1,8.3,96.1,3
"Lagos,Nigeria",,,4/11/2018,April,27.8,83.7,0,,14.8,1011.9,54.8,8.8,154.4,5
"Lagos,Nigeria",,,4/12/2018,April,28.9,80.3,0,,24.1,1012,56,9.7,178.8,7
"Lagos,Nigeria",,,4/13/2018,April,28.4,83.5,0,,23,1013.2,50.9,9.8,220.4,8
"Lagos,Nigeria",,,4/14/2018,April,29.3,77.9,0,,25,1013.3,56.4,9.8,163.8,6
"Lagos,Nigeria",,,4/15/2018,April,28,85.9,0,,17.1,1013.5,44.3,9.6,112.8,4
"Lagos,Nigeria",,,4/16/2018,April,28.6,81.5,0,,18.4,1013.5,53.1,9.3,156.3,5
"Lagos,Nigeria",,,4/17/2018,April,29.2,79.5,0,,19.5,1013.3,50.7,9.9,194.3,7
"Lagos,Nigeria",,,4/18/2018,April,29.7,77.5,0.2,rain,19.1,1013.4,61,10,118.8,4
"Lagos,Nigeria",,,4/19/2018,April,29.5,80.2,0.1,rain,20.5,1012.6,49.7,10,124.8,4
"Lagos,Nigeria",,,4/20/2018,April,26.6,87.7,8,rain,33.5,1013.1,51,8.1,158,6
"Lagos,Nigeria",,,4/21/2018,April,28,82.4,0,,22.3,1012.1,53.7,8.1,158,6
"Lagos,Nigeria",,,4/22/2018,April,29,79.1,0,,16.6,1012.9,53.8,10,158.4,6
"Lagos,Nigeria",,,4/23/2018,April,29.1,81.1,0,,22.3,1012.4,54.5,10,105.4,4
"Lagos,Nigeria",,,4/24/2018,April,29.7,80.4,0,,24.1,1012.5,54.2,10,94.5,3
"Lagos,Nigeria",,,4/25/2018,April,27.7,85.6,1,rain,15.5,1012.7,58.3,9.1,104.1,4
"Lagos,Nigeria",,,4/26/2018,April,28,79.6,0,,16.6,1012.5,54.8,8,136.7,5
"Lagos,Nigeria",,,4/27/2018,April,28.5,80.3,0,,20.5,1012,51.2,9.8,179.3,7
"Lagos,Nigeria",,,4/28/2018,April,28.9,81.7,0,,22.3,1012.8,51.6,9.7,109.5,4
"Lagos,Nigeria",,,4/29/2018,April,29.6,78.6,0,,24.1,1012.6,50.3,10,149.2,5
"Lagos,Nigeria",,,4/30/2018,April,29.2,80.1,0,,15.8,1013.2,61.5,9.9,150.3,5
"Lagos,Nigeria",,,5/1/2018,May,29.3,79.3,0.5,rain,21.2,1012.7,54.7,9.9,139.6,5
"Lagos,Nigeria",,,5/2/2018,May,30,77.8,0.1,rain,21.6,1011.7,61.7,10.2,90.1,3
"Lagos,Nigeria",,,5/3/2018,May,27.5,82.3,3,rain,27.1,1011.9,54.9,9.2,115.1,4
"Lagos,Nigeria",,,5/4/2018,May,26.5,85.2,16,rain,33.5,1011.9,56.9,8.7,199.5,7
"Lagos,Nigeria",,,5/5/2018,May,28,85,1,rain,20.9,1013.1,55.2,9,135.9,5
"Lagos,Nigeria",,,5/6/2018,May,28.8,80.4,0.1,rain,22.7,1014,61.7,8,133.5,5
"Lagos,Nigeria",,,5/7/2018,May,28.8,80.6,0.2,rain,20.5,1013.4,59.7,10,140,5
"Lagos,Nigeria",,,5/8/2018,May,26.4,87.3,26,rain,92.5,1011,42.9,8.4,117.3,4
"Lagos,Nigeria",,,5/9/2018,May,27.5,83.1,0,,22.3,1011.4,43.3,7.5,172.5,6
"Lagos,Nigeria",,,5/10/2018,May,27.5,84.1,0,,22.3,1012.9,55.7,9.3,91.3,3
"Lagos,Nigeria",,,5/11/2018,May,26.8,84.9,0,,13,1014.1,41.3,8.9,64.7,2
"Lagos,Nigeria",,,5/12/2018,May,26.7,87.7,5,rain,16.2,1013.9,61.7,7.5,87.8,3
"Lagos,Nigeria",,,5/13/2018,May,27,85.3,50,rain,21.2,1012.1,44.7,8.9,113.5,4
"Lagos,Nigeria",,,5/14/2018,May,28.6,81.6,0,,24.1,1012.7,57.7,9.8,211.7,7
"Lagos,Nigeria",,,5/15/2018,May,28.6,82,0,,21.8,1011.5,62.1,9.2,127.7,4
"Lagos,Nigeria",,,5/16/2018,May,28.5,82.2,0,,16.8,1012.2,53.6,9.7,166.2,6
"Lagos,Nigeria",,,5/17/2018,May,26.8,86.4,25,rain,44.6,1012.9,54.1,7.5,90.2,3
"Lagos,Nigeria",,,5/18/2018,May,27.3,81.7,0.2,rain,29.5,1012.7,49.8,8.7,89.1,3
"Lagos,Nigeria",,,5/19/2018,May,28.2,82.7,0,,18.4,1012.7,45.7,9.5,175.5,6
"Lagos,Nigeria",,,5/20/2018,May,29,80.8,0,,22.3,1012.3,54,10,119.3,4
"Lagos,Nigeria",,,5/21/2018,May,28.6,82.9,0.4,rain,21.6,1012.6,60.8,10,96.7,3
"Lagos,Nigeria",,,5/22/2018,May,27.2,86.5,35,rain,18.4,1013.3,56.2,9,140.6,5
"Lagos,Nigeria",,,5/23/2018,May,27.4,84.2,0,,13,1014,51,8.3,177.8,6
"Lagos,Nigeria",,,5/24/2018,May,28.9,80.4,0,,27.7,1013.3,53.7,9.8,81.4,3
"Lagos,Nigeria",,,5/25/2018,May,26.2,89.4,41,rain,17.6,1012,53.4,8.8,76.7,2
"Lagos,Nigeria",,,5/26/2018,May,27.6,84.4,0,,13,1012.3,56.4,9.8,139.3,5
"Lagos,Nigeria",,,5/27/2018,May,26.9,90.8,4,rain,18.4,1013.9,57.5,8.4,103.5,3
"Lagos,Nigeria",,,5/28/2018,May,28.1,82.7,13,rain,19.7,1014,52.2,10,161.2,6
"Lagos,Nigeria",,,5/29/2018,May,26.3,88.9,5,rain,23.3,1014.6,50,9.3,112.6,4
"Lagos,Nigeria",,,5/30/2018,May,26.8,86.4,0.9,rain,17.3,1013.9,47,9.3,171.2,6
"Lagos,Nigeria",,,5/31/2018,May,27.3,86.8,13,rain,16.6,1014,54.2,9.3,204.5,7
"Lagos,Nigeria",,,6/1/2018,June,28.1,84.4,0.2,rain,77.8,1013.3,58.7,9.9,202.9,7
"Lagos,Nigeria",,,6/2/2018,June,26.4,89,13,rain,19.4,1014.5,64.5,8.8,104.1,4
"Lagos,Nigeria",,,6/3/2018,June,27.5,84.1,0,,25.9,1015.2,45.1,9.8,137.8,5
"Lagos,Nigeria",,,6/4/2018,June,28.4,82.7,0.2,rain,20.5,1014.8,61.7,9.9,117,4
"Lagos,Nigeria",,,6/5/2018,June,28.4,83.3,0,,13,1013.3,56,9.8,127.5,4
"Lagos,Nigeria",,,6/6/2018,June,26.5,86.9,1,rain,27.7,1014.3,47.9,9,104.8,3
"Lagos,Nigeria",,,6/7/2018,June,27.7,82.4,0,,14.8,1015.3,46.6,8.8,102.8,4
"Lagos,Nigeria",,,6/8/2018,June,28.1,85.1,16,rain,24.1,1014.5,58.4,8.9,104,4
"Lagos,Nigeria",,,6/9/2018,June,26.5,87.9,0,,33.5,1014.4,49.9,8.5,100.2,4
"Lagos,Nigeria",,,6/10/2018,June,25.9,88.7,2,rain,20.5,1015,61.9,7.5,141,5
"Lagos,Nigeria",,,6/11/2018,June,28.2,79.5,2.8,rain,14.8,1015,59.5,9.4,240.6,8
"Lagos,Nigeria",,,6/12/2018,June,27.8,86.2,22,rain,18.4,1015.5,57.8,8.7,223.4,8
"Lagos,Nigeria",,,6/13/2018,June,27.6,88.5,0.3,rain,19.4,1015.3,54.2,8.7,180.4,6
"Lagos,Nigeria",,,6/14/2018,June,27.8,85.2,3,rain,14.8,1015.2,51.7,8.9,145.5,6
"Lagos,Nigeria",,,6/15/2018,June,27.7,85.5,0.1,rain,18,1014.6,59.8,8.3,108.6,4
"Lagos,Nigeria",,,6/16/2018,June,26.3,87.8,0,,20.5,1015.6,62.7,7.7,134.5,5
"Lagos,Nigeria",,,6/17/2018,June,27.4,85.8,0,,25.2,,89.8,10,94,3
"Lagos,Nigeria",,,6/18/2018,June,26.4,84.5,0,,27.7,1015.3,54.5,9.9,105.2,4
"Lagos,Nigeria",,,6/19/2018,June,27,78.5,0,,16.6,1015.7,52.9,9.9,119.8,4
"Lagos,Nigeria",,,6/20/2018,June,26.7,81.1,0,,27.7,1015.6,63.1,9.3,120.4,4
"Lagos,Nigeria",,,6/21/2018,June,25,88.8,26,rain,20.5,1016.6,56.4,8.9,97.9,3
"Lagos,Nigeria",,,6/22/2018,June,26.1,86,2,rain,20.5,1016.4,68.7,9.1,214.5,7
"Lagos,Nigeria",,,6/23/2018,June,24.5,94.2,40,rain,11.2,1015.8,50.4,7.3,175.2,7
"Lagos,Nigeria",,,6/24/2018,June,26.6,82.6,0,,24.1,1015.6,53.9,9.3,172.3,6
"Lagos,Nigeria",,,6/25/2018,June,26.4,82.1,0,,13,1014.3,48.4,9.4,216.5,8
"Lagos,Nigeria",,,6/26/2018,June,26.7,83.2,8,rain,20.2,1014,60.3,9.5,139.1,5
"Lagos,Nigeria",,,6/27/2018,June,27.1,81.5,0,,22.3,1013.7,63.3,8.8,171.8,6
"Lagos,Nigeria",,,6/28/2018,June,26.6,84.3,1,rain,16.6,1014.2,50.7,9.2,90.6,3
"Lagos,Nigeria",,,6/29/2018,June,26.5,86.5,2,rain,18.4,1013.6,47.1,8.5,166.9,5
"Lagos,Nigeria",,,6/30/2018,June,25.6,91,9,rain,31.7,1011.3,69.2,8.3,207.4,7
"Lagos,Nigeria",,,7/1/2018,July,23.9,96.5,9,rain,16.2,1013.8,49,6.4,109.5,3
"Lagos,Nigeria",,,7/2/2018,July,25.5,89.8,1,rain,16.6,1013.7,54.5,7.8,183.1,6
"Lagos,Nigeria",,,7/3/2018,July,25.9,89.7,2.5,rain,16.6,1013.7,54.9,8.6,182.8,6
"Lagos,Nigeria",,,7/4/2018,July,26.4,86.1,0,,18.4,1015.3,54.7,8.6,164.3,6
"Lagos,Nigeria",,,7/5/2018,July,26.2,87.6,2,rain,16.9,1014.9,62.3,8.5,102.4,4
"Lagos,Nigeria",,,7/6/2018,July,26.8,85.6,1.1,rain,18.4,1014.8,58.1,9.6,148.2,5
"Lagos,Nigeria",,,7/7/2018,July,25.1,91.8,34,rain,20.5,1015.4,73.5,8.1,102.5,3
"Lagos,Nigeria",,,7/8/2018,July,25.9,85.7,0,,18.4,1016.2,51.1,8.6,228.5,8
"Lagos,Nigeria",,,7/9/2018,July,27.3,81,0,,14.8,1015.6,52,9.8,181.5,7
"Lagos,Nigeria",,,7/10/2018,July,26.4,88,31,rain,29.5,1016.3,55.7,7.6,126.5,4
"Lagos,Nigeria",,,7/11/2018,July,26.6,86.2,0.3,rain,18.4,1015.8,49.3,8.3,134.8,5
"Lagos,Nigeria",,,7/12/2018,July,26.5,85.6,0.6,rain,22.3,1016.9,55.8,9.6,214.3,7
"Lagos,Nigeria",,,7/13/2018,July,26.2,88.1,2,rain,22.3,1016.3,67.1,9,128.8,4
"Lagos,Nigeria",,,7/14/2018,July,26.2,86.8,0,,16.6,1015.7,58.3,8.6,180.8,6
"Lagos,Nigeria",,,7/15/2018,July,26.4,84.5,20,rain,24.1,1015.1,70.4,9.2,172.2,6
"Lagos,Nigeria",,,7/16/2018,July,26,86.3,5,rain,25.9,1015.8,67.3,9.5,232.2,8
"Lagos,Nigeria",,,7/17/2018,July,26.1,88.2,0.1,rain,21.2,1016,71.5,9.2,236.2,8
"Lagos,Nigeria",,,7/18/2018,July,26,87.9,4,rain,18.4,1015.9,60.7,8.5,160.9,6
"Lagos,Nigeria",,,7/19/2018,July,25.5,88.6,4.7,rain,18.4,1015.8,51.6,9.4,232.5,8
"Lagos,Nigeria",,,7/20/2018,July,25,94.1,41,rain,16.6,1014.3,69.4,7,86.3,3
"Lagos,Nigeria",,,7/21/2018,July,24.7,96.3,25,rain,92.9,1014.7,60.5,6.7,126.2,5
"Lagos,Nigeria",,,7/22/2018,July,25.7,89.9,10,rain,15.5,1014.8,66.3,7,193.2,7
"Lagos,Nigeria",,,7/23/2018,July,26,88.6,0,,14.8,1014.4,56.5,7.6,226.6,7
"Lagos,Nigeria",,,7/24/2018,July,26.3,89.4,0.1,rain,20.5,1014.4,67.8,9.6,208.3,7
"Lagos,Nigeria",,,7/25/2018,July,26.3,87.6,2,rain,23.8,1015.6,74.6,9.6,128.8,5
"Lagos,Nigeria",,,7/26/2018,July,26.4,84.3,0.1,rain,20.5,1017.1,65.3,9.9,251.1,8
"Lagos,Nigeria",,,7/27/2018,July,26.4,87.6,0.1,rain,14.8,1016.4,66.7,9.3,203.9,7
"Lagos,Nigeria",,,7/28/2018,July,26.7,84.8,0,,24.1,1016.3,61.7,9.6,221.8,8
"Lagos,Nigeria",,,7/29/2018,July,25.4,89.1,3,rain,24.1,1016,57.8,9.6,104.5,4
"Lagos,Nigeria",,,7/30/2018,July,26.2,82.3,0,,19.5,1016.4,56.1,9.8,249.6,8
"Lagos,Nigeria",,,7/31/2018,July,25.3,83.1,0.2,rain,20.2,1016.1,59,9.9,265.5,9
"Lagos,Nigeria",,,8/1/2018,August,25.2,85.2,0.2,rain,21.8,1015.8,58.8,9.8,243.4,8
"Lagos,Nigeria",,,8/2/2018,August,26,85.4,0.7,rain,18.4,1015.1,62.9,9.3,255.3,9
"Lagos,Nigeria",,,8/3/2018,August,25.7,86.1,2,rain,18.4,1015.7,69.1,9.4,271.5,9
"Lagos,Nigeria",,,8/4/2018,August,26.1,83.3,0,,24.1,1016.8,67.1,10,276.3,9
"Lagos,Nigeria",,,8/5/2018,August,26,80.4,0,,20.9,1016.3,48.8,9.8,219.2,7
"Lagos,Nigeria",,,8/6/2018,August,25.3,83.3,0,,18.8,1016,55.9,10,265.8,9
"Lagos,Nigeria",,,8/7/2018,August,25.9,83.3,0,,25.9,1016.3,57.9,10,259.8,9
"Lagos,Nigeria",,,8/8/2018,August,26.2,81,0,,18.4,1016.6,53.4,9.9,285.2,10
"Lagos,Nigeria",,,8/9/2018,August,26,84.4,0,,18.4,1016.1,56.2,9.7,175.9,7
"Lagos,Nigeria",,,8/10/2018,August,25.4,89.1,1,rain,24.1,1016.2,79.8,9.8,200.2,6
"Lagos,Nigeria",,,8/11/2018,August,26.3,84.9,0,,20.5,1016.4,52.6,10,242.9,8
"Lagos,Nigeria",,,8/12/2018,August,26.1,84.4,0,,14.8,1015.9,62.1,10,264.6,9
"Lagos,Nigeria",,,8/13/2018,August,24.7,91.7,41,rain,31,1015.1,80.9,9,139.3,5
"Lagos,Nigeria",,,8/14/2018,August,25.6,87.1,0,,13,1015.8,61,9.7,268,9
"Lagos,Nigeria",,,8/15/2018,August,25.7,86.5,0,,21.5,1016.2,61,8.6,246.5,9
"Lagos,Nigeria",,,8/16/2018,August,26,84.9,0,,17.4,1016.8,57.1,10,259.3,9
"Lagos,Nigeria",,,8/17/2018,August,25.4,90.6,4.5,rain,20.5,1016.7,89.4,9.3,121.2,4
"Lagos,Nigeria",,,8/18/2018,August,26,88.9,7,rain,22.3,1014.6,80.9,9.6,203.8,7
"Lagos,Nigeria",,,8/19/2018,August,26.1,87.1,0,,16.6,1015.6,57.9,9.4,150.3,5
"Lagos,Nigeria",,,8/20/2018,August,24.9,90.1,11,rain,28.7,1015.3,70.6,8.3,75,3
"Lagos,Nigeria",,,8/21/2018,August,24.8,91.8,2.5,rain,32,1015,75.1,8.4,117.7,4
"Lagos,Nigeria",,,8/22/2018,August,25.3,89.7,3.8,rain,29.2,1015.3,76.2,10,173.6,7
"Lagos,Nigeria",,,8/23/2018,August,25.9,88.7,1,rain,24.1,1014.9,82.8,9.4,254.9,9
"Lagos,Nigeria",,,8/24/2018,August,25.3,89.7,2,rain,20.5,1014.3,72.1,9.1,104.4,3
"Lagos,Nigeria",,,8/25/2018,August,25,92.6,17,rain,24.1,1014.3,79.9,7.7,168.4,6
"Lagos,Nigeria",,,8/26/2018,August,25.8,88.1,10,rain,20.5,1016,61.8,9.1,275.2,9
"Lagos,Nigeria",,,8/27/2018,August,25.9,86.9,0,,20.5,1015.3,57.7,8.3,241,9
"Lagos,Nigeria",,,8/28/2018,August,25.9,86.9,2,rain,19.4,1014.3,64.8,9,172.4,6
"Lagos,Nigeria",,,8/29/2018,August,26.2,87.3,0,,20.2,1013.9,62.9,9.2,209.2,7
"Lagos,Nigeria",,,8/30/2018,August,26.6,85.8,0,,24.5,1012.4,62.6,9.9,186.7,6
"Lagos,Nigeria",,,8/31/2018,August,25.9,89.5,1.1,rain,27,1012.3,59,9,222.3,8
"Lagos,Nigeria",,,9/1/2018,September,26.4,88,0,,14.8,1013.8,62.4,9.3,153.2,5
"Lagos,Nigeria",,,9/2/2018,September,26.3,87.4,1,rain,15.8,1014.4,54.7,9.4,146.1,5
"Lagos,Nigeria",,,9/3/2018,September,25.9,90.2,0.6,rain,19.1,1012.8,58.6,9.6,135.5,4
"Lagos,Nigeria",,,9/4/2018,September,26,90.1,2,rain,18,1013.1,68,9.5,179.7,6
"Lagos,Nigeria",,,9/5/2018,September,26.6,86.2,3,rain,14.8,1014.3,66.9,9.3,173.8,7
"Lagos,Nigeria",,,9/6/2018,September,25.3,92.9,8,rain,24.5,1013.5,67.6,8.7,70.8,3
"Lagos,Nigeria",,,9/7/2018,September,24.6,94,92,rain,23.4,1012.7,79.1,7.4,104.9,3
"Lagos,Nigeria",,,9/8/2018,September,24.7,95.7,11,rain,14.6,1013.6,62.9,8.9,136.5,5
"Lagos,Nigeria",,,9/9/2018,September,25.2,92.5,3,rain,16.9,1014.5,64.6,9.1,124.1,4
"Lagos,Nigeria",,,9/10/2018,September,25.1,95.4,24,rain,14.4,1015.2,68.2,7.5,89.6,3
"Lagos,Nigeria",,,9/11/2018,September,25.7,91.8,1,rain,13,1015.1,74.6,7.4,97.1,3
"Lagos,Nigeria",,,9/12/2018,September,26.3,87.8,2,rain,14.8,1015,48.5,9.2,191.4,7
"Lagos,Nigeria",,,9/13/2018,September,26,87.7,0.2,rain,51.8,1014.5,61.6,9.1,122.2,4
"Lagos,Nigeria",,,9/14/2018,September,26.4,82.4,0,,19.1,1013.9,42.9,7.8,222,8
"Lagos,Nigeria",,,9/15/2018,September,26.2,88.6,0,,14.8,1014.3,53.4,9.8,144.4,5
"Lagos,Nigeria",,,9/16/2018,September,25.9,90.8,2,rain,16.6,1014,58.5,9.2,209,7
"Lagos,Nigeria",,,9/17/2018,September,26.7,86.1,0.2,rain,16.6,1014,57.3,8.9,206.1,7
"Lagos,Nigeria",,,9/18/2018,September,25.1,92.5,5,rain,24.1,1013,52.6,9.3,156.9,5
"Lagos,Nigeria",,,9/19/2018,September,27.4,82.5,1.1,rain,14.8,1013.5,61.2,9.6,165.5,6
"Lagos,Nigeria",,,9/20/2018,September,26.9,87,3,rain,14.8,1011.8,86.4,9.3,188.8,7
"Lagos,Nigeria",,,9/21/2018,September,26.7,88.5,8.7,rain,19.4,1012.3,75.1,8.9,116.7,4
"Lagos,Nigeria",,,9/22/2018,September,25.7,92,8.9,rain,24.8,1012.8,69.7,8.6,137.3,5
"Lagos,Nigeria",,,9/23/2018,September,25.1,90.7,59,rain,17.3,1013.4,71.6,6.6,105,4
"Lagos,Nigeria",,,9/24/2018,September,25.8,86.7,0,,16.6,1013.3,62.5,8.9,194.2,7
"Lagos,Nigeria",,,9/25/2018,September,26.9,87.1,3.2,rain,20.5,1013.1,63.2,9,145.7,5
"Lagos,Nigeria",,,9/26/2018,September,25.9,91.8,16,rain,14.8,1013.3,67.2,9.2,202.6,7
"Lagos,Nigeria",,,9/27/2018,September,26.5,88.1,1.5,rain,19.1,1013.3,61.7,9.5,230.3,8
"Lagos,Nigeria",,,9/28/2018,September,25.9,91,3,rain,9.4,1013.1,55.7,9.2,99.1,3
"Lagos,Nigeria",,,9/29/2018,September,27.5,86.4,0,,25.9,1012.9,62.9,9.6,153.9,6
"Lagos,Nigeria",,,9/30/2018,September,27.5,84.7,2.3,rain,20.5,1013,71.7,10,156.2,6
"Lagos,Nigeria",,,10/1/2018,October,25,90.7,6,rain,27.7,1012.7,57.7,9.6,99.1,3
"Lagos,Nigeria",,,10/2/2018,October,26.7,84.5,0,,13.8,1013.1,53.3,9.4,201.4,7
"Lagos,Nigeria",,,10/3/2018,October,27.5,85.4,0,,18.4,1013.3,61.8,10,165.5,6
"Lagos,Nigeria",,,10/4/2018,October,27.1,87.8,0,,16.6,1013.3,59.2,9.6,119.9,4
"Lagos,Nigeria",,,10/5/2018,October,26.5,90.1,5,rain,16.6,1013.6,55.8,9.6,161.3,6
"Lagos,Nigeria",,,10/6/2018,October,26.7,87.9,10,rain,18.4,1014.3,59.4,8.8,106,4
"Lagos,Nigeria",,,10/7/2018,October,27.4,85.6,0.3,rain,27.7,1013.3,58,9.2,128.7,4
"Lagos,Nigeria",,,10/8/2018,October,27.1,84.7,9,rain,18.4,1012.7,57.5,10,125.6,4
"Lagos,Nigeria",,,10/9/2018,October,26.5,90.1,6.8,rain,16.6,1012.7,70.9,10,108.6,4
"Lagos,Nigeria",,,10/10/2018,October,25.7,89.3,31,rain,22.3,1013.3,57.6,8.9,112.5,4
"Lagos,Nigeria",,,10/11/2018,October,26.7,87.3,1.5,rain,20.9,1014,64.1,9.9,172.8,7
"Lagos,Nigeria",,,10/12/2018,October,26,88.7,4,rain,18,1013.6,60.8,9.3,144.3,6
"Lagos,Nigeria",,,10/13/2018,October,26.8,84.2,15.5,rain,16.6,,66.7,10,212.8,8
"Lagos,Nigeria",,,10/14/2018,October,27,87.6,0.8,rain,14.8,1012.7,53.7,9.4,147.6,5
"Lagos,Nigeria",,,10/15/2018,October,27.4,86.2,0,,13,1014,55.6,9.2,118.8,4
"Lagos,Nigeria",,,10/16/2018,October,25.5,90,11,rain,24.1,1014.6,50.9,9.3,110.6,4
"Lagos,Nigeria",,,10/17/2018,October,27,85.7,0,,16.6,1013.8,37.3,8.8,216.1,7
"Lagos,Nigeria",,,10/18/2018,October,27,87.6,0,,18.2,1012.7,61.7,9.6,101.3,3
"Lagos,Nigeria",,,10/19/2018,October,28,83.7,0,,14.8,1011.3,51.3,9.6,137.7,5
"Lagos,Nigeria",,,10/20/2018,October,27.9,85.1,0,,14.8,1010.9,55.9,9.7,284.2,10
"Lagos,Nigeria",,,10/21/2018,October,28.2,85.4,0.1,rain,22.3,1011.2,56.5,9.7,75.7,2
"Lagos,Nigeria",,,10/22/2018,October,28,84.7,0.3,rain,18.4,1011.7,63.7,9.7,87.5,3
"Lagos,Nigeria",,,10/23/2018,October,28.3,84.5,2.6,rain,16.6,1012.4,74.2,8.8,122.7,5
"Lagos,Nigeria",,,10/24/2018,October,26.6,90.3,1,rain,14.8,1013.1,53.8,8.8,71.8,2
"Lagos,Nigeria",,,10/25/2018,October,28.2,83.1,0,,18.4,1012.6,53.9,9.2,191.5,6
"Lagos,Nigeria",,,10/26/2018,October,27.9,83.9,0,,14.8,1013.1,54.9,9.4,163.3,6
"Lagos,Nigeria",,,10/27/2018,October,26.9,89.5,4,rain,16.6,1013.9,48,6.6,121.4,4
"Lagos,Nigeria",,,10/28/2018,October,27.1,86.9,3.2,rain,18.4,1013,56.2,8.3,138.4,5
"Lagos,Nigeria",,,10/29/2018,October,25.6,91.1,61,rain,42.5,1014.9,62.3,6.6,112.6,4
"Lagos,Nigeria",,,10/30/2018,October,28.3,81.5,3.9,rain,13,1012.8,59.4,6.5,129.3,5
"Lagos,Nigeria",,,10/31/2018,October,28.2,84.7,13.7,rain,18,1012.3,66.5,8.7,134.3,4
"Lagos,Nigeria",,,4/1/2019,April,30,78.3,0.3,rain,22.3,1009.8,42.8,9.8,158.1,6
"Lagos,Nigeria",,,4/2/2019,April,30.5,78.8,0.1,rain,17.7,1009.8,55.7,9.9,113.9,4
"Lagos,Nigeria",,,4/3/2019,April,30.3,81.4,0.3,rain,24.1,1010.1,52.3,10,162.8,5
"Lagos,Nigeria",,,4/4/2019,April,30.2,80.6,1.1,rain,29.5,1009.2,54.5,9.3,131.6,4
"Lagos,Nigeria",,,4/5/2019,April,29.2,82.6,30,rain,29.5,1010.5,52.7,9.8,140.9,5
"Lagos,Nigeria",,,4/6/2019,April,30,83.5,0.4,rain,25.9,1011.3,57.1,10,201.5,7
"Lagos,Nigeria",,,4/7/2019,April,27.7,88.9,37,rain,33.5,1012.1,58.7,9.5,133.6,5
"Lagos,Nigeria",,,4/8/2019,April,28.4,81.4,0.1,rain,25.9,1012.2,49.7,8.3,201.4,7
"Lagos,Nigeria",,,4/9/2019,April,29.6,82.5,0,,18.4,1012.1,53,9.8,114.6,4
"Lagos,Nigeria",,,4/10/2019,April,29.3,82.4,0,,24.1,1010.4,54.5,10.2,129.3,5
"Lagos,Nigeria",,,4/11/2019,April,27.4,90.3,8,rain,20.5,1010.9,55.5,9.3,133.9,5
"Lagos,Nigeria",,,4/12/2019,April,29.4,81.6,0,,25.9,1009.8,59.7,9.5,218.3,7
"Lagos,Nigeria",,,4/13/2019,April,26.7,85.4,18,rain,27.7,1011.6,59.9,8.6,122.7,5
"Lagos,Nigeria",,,4/14/2019,April,27.3,85.1,20,rain,29.5,1013.3,63.3,7.7,163.1,5
"Lagos,Nigeria",,,4/15/2019,April,27.4,84.5,0.5,rain,24.1,1012.2,60.7,7.1,237.1,8
"Lagos,Nigeria",,,4/16/2019,April,27.9,85.3,0,,14,1012.7,67,9.7,170.8,5
"Lagos,Nigeria",,,4/17/2019,April,29.8,75.5,0,,18.4,1011.4,59.3,9.7,117.3,4
"Lagos,Nigeria",,,4/18/2019,April,29.5,80.6,0,,18.7,1011.1,56.6,9.8,175.1,6
"Lagos,Nigeria",,,4/19/2019,April,29.2,81.9,0,,20.5,1012.3,67.8,10,151.1,5
"Lagos,Nigeria",,,4/20/2019,April,29.8,79.4,0.6,rain,22.3,1012,53.4,9.9,127.1,4
"Lagos,Nigeria",,,4/21/2019,April,29.8,83.4,0,,20.5,1010.4,61.8,10,114.4,4
"Lagos,Nigeria",,,4/22/2019,April,30,81.2,0,,25.9,1010.7,49.6,10,109.1,4
"Lagos,Nigeria",,,4/23/2019,April,28.3,86.8,3.4,rain,22.3,1012.1,70.4,9.8,89.1,3
"Lagos,Nigeria",,,4/24/2019,April,28.6,83,2,rain,15.5,1012.8,67.4,7.3,128.6,4
"Lagos,Nigeria",,,4/25/2019,April,29.3,84.4,1.3,rain,18.7,1017.4,57.8,9.8,124.1,4
"Lagos,Nigeria",,,4/26/2019,April,29,85.3,0.5,rain,21.2,1012.4,55.6,10,109.7,4
"Lagos,Nigeria",,,4/27/2019,April,29.7,83.5,0,,24.1,1011.3,46.3,9.8,125.2,4
"Lagos,Nigeria",,,4/28/2019,April,30.4,81.1,0.1,rain,22.3,1011.6,46.9,10,134.5,5
"Lagos,Nigeria",,,4/29/2019,April,30.5,81,0,,25.9,1011.6,57.1,9.8,141.6,6
"Lagos,Nigeria",,,4/30/2019,April,30,82.3,2,rain,25.9,1012.8,57.5,9.9,180.1,7
"Lagos,Nigeria",,,5/1/2019,May,30.3,77.8,0.1,rain,18.4,1012.7,55.2,10,104.8,4
"Lagos,Nigeria",,,5/2/2019,May,29.3,80.1,0.2,rain,27.7,1011.8,47.5,10,125,5
"Lagos,Nigeria",,,5/3/2019,May,29.5,81.5,0.6,rain,27.7,1012,50.6,9.8,106.4,4
"Lagos,Nigeria",,,5/4/2019,May,27.1,86.1,28,rain,24.1,1012.1,60.3,8.6,113.1,4
"Lagos,Nigeria",,,5/5/2019,May,29.3,80.8,0,,25.9,1011.4,41,9.3,178,7
"Lagos,Nigeria",,,5/6/2019,May,29.9,80.5,0.2,rain,25.9,1012.4,63.1,10,95,3
"Lagos,Nigeria",,,5/7/2019,May,29.8,80.9,4.4,rain,18.4,1014,62.2,10,121.9,4
"Lagos,Nigeria",,,5/8/2019,May,29,82.6,10.7,rain,14.8,1012.3,78.7,7.8,112.3,4
"Lagos,Nigeria",,,5/9/2019,May,26.1,93.2,73,rain,41.6,1011,54.9,8,134.7,5
"Lagos,Nigeria",,,5/10/2019,May,27.9,87.1,0,,24.1,1010.7,45.1,7,135.7,5
"Lagos,Nigeria",,,5/11/2019,May,28.1,84.3,52.2,rain,16.2,1011.9,51.6,9.3,161,5
"Lagos,Nigeria",,,5/12/2019,May,29.1,78.2,0,,16.6,1011.6,40,9.5,203.1,7
"Lagos,Nigeria",,,5/13/2019,May,27.1,84.1,13,rain,42.5,1013,71.5,9.6,150.1,5
"Lagos,Nigeria",,,5/14/2019,May,28.7,80.9,5.8,rain,18.4,1011.4,69.3,10,114.3,4
"Lagos,Nigeria",,,5/15/2019,May,28,83.3,11,rain,22.3,1012.9,60.3,9.1,93.1,3
"Lagos,Nigeria",,,5/16/2019,May,27.7,80.9,19,rain,20.4,1014,66.6,9.9,110.4,4
"Lagos,Nigeria",,,5/17/2019,May,29,82.3,0,,16.6,1013.3,42,9.5,258.3,9
"Lagos,Nigeria",,,5/18/2019,May,29,81.5,0.1,rain,16.6,1012.1,47.6,9.6,216.2,8
"Lagos,Nigeria",,,5/19/2019,May,28.2,85.9,0.8,rain,18.7,1013.1,64.6,9.8,173.1,6
"Lagos,Nigeria",,,5/20/2019,May,26.4,92.6,32,rain,16.6,1012.9,49.9,9.2,128.4,5
"Lagos,Nigeria",,,5/21/2019,May,27.3,86.2,0.3,rain,18.4,1013.6,41.9,9.7,121.8,4
"Lagos,Nigeria",,,5/22/2019,May,28.2,81.6,0,,11.2,1012.8,57.4,8.9,207,7
"Lagos,Nigeria",,,5/23/2019,May,28.6,81.7,0,,18.4,1012.4,48.7,9.5,123.6,4
"Lagos,Nigeria",,,5/24/2019,May,28.1,85,0,,27.7,1012.4,54,9.7,134.7,5
"Lagos,Nigeria",,,5/25/2019,May,27.9,83.5,0.1,rain,16.7,1013.1,48.6,9.1,110.6,4
"Lagos,Nigeria",,,5/26/2019,May,27.2,89.3,14,rain,29.5,1013.2,56.3,9.1,116.3,4
"Lagos,Nigeria",,,5/27/2019,May,27,82.7,6,rain,29.5,1012.9,53,9.4,99.7,3
"Lagos,Nigeria",,,5/28/2019,May,28.5,81,0,,16.6,1012.5,51.2,10,165.5,6
"Lagos,Nigeria",,,5/29/2019,May,26.8,89.3,6,rain,20.5,1012.4,60,9.7,97.3,3
"Lagos,Nigeria",,,5/30/2019,May,26.7,88.1,6,rain,25.9,1013.5,61.9,7.7,99.8,4
"Lagos,Nigeria",,,5/31/2019,May,26.7,91.3,2,rain,18.4,1013.4,57.8,9.1,100.5,3
"Lagos,Nigeria",,,6/1/2019,June,26.4,87.5,33,rain,20.9,1013.7,53.3,9,98.5,3
"Lagos,Nigeria",,,6/2/2019,June,27.8,84.2,0,,16.6,1013.8,57.4,9,112.7,4
"Lagos,Nigeria",,,6/3/2019,June,28.4,81,0.5,rain,14.8,1014.7,51.8,9.1,161.4,5
"Lagos,Nigeria",,,6/4/2019,June,27.7,86.4,0,,22.3,1014.4,56.8,8.5,122,4
"Lagos,Nigeria",,,6/5/2019,June,27.5,85.6,1,rain,24.5,1013.8,60.5,9.7,98.4,3
"Lagos,Nigeria",,,6/6/2019,June,26.7,88.5,2,rain,28.8,1013.8,76.3,9.3,95.7,3
"Lagos,Nigeria",,,6/7/2019,June,25.6,87.9,1.8,rain,16.2,1013.5,73.9,7.7,102.7,3
"Lagos,Nigeria",,,6/8/2019,June,27.6,84.1,0.1,rain,18.4,1015.2,55.6,10,193,7
"Lagos,Nigeria",,,6/9/2019,June,27.2,87.9,0,,27.7,1015.2,61.6,9.6,142.1,5
"Lagos,Nigeria",,,6/10/2019,June,26.2,91.7,9,rain,16.6,1014.7,64.2,7.7,238.7,8
"Lagos,Nigeria",,,6/11/2019,June,26.7,86.3,0,,18.4,1014.3,57.4,9.2,228,8
"Lagos,Nigeria",,,6/12/2019,June,27.4,83.6,0.2,rain,20.2,1015.4,61.8,9.9,255.3,9
"Lagos,Nigeria",,,6/13/2019,June,27.4,84.6,2,rain,20.9,1015.1,54.8,9.1,211.2,7
"Lagos,Nigeria",,,6/14/2019,June,25.8,92,18,rain,22.3,1015.9,52.5,8.1,182.6,7
"Lagos,Nigeria",,,6/15/2019,June,25.1,94.3,19,rain,11.2,1015.8,48.8,8,128.6,5
"Lagos,Nigeria",,,6/16/2019,June,26.7,87.6,0.1,rain,18.4,1016,46.8,7.4,214.9,8
"Lagos,Nigeria",,,6/17/2019,June,27.8,85.6,0,,18.4,1016,49.5,8.9,175.3,6
"Lagos,Nigeria",,,6/18/2019,June,26.6,90.1,0,,14.8,1016.1,37.2,7.9,245.4,8
"Lagos,Nigeria",,,6/19/2019,June,28,84.8,0.4,rain,16.6,1015.1,50.9,9,238.4,8
"Lagos,Nigeria",,,6/20/2019,June,25.5,91.2,2,rain,16.6,1015.9,61.4,8.8,160.9,6
"Lagos,Nigeria",,,6/21/2019,June,26.2,89.1,3.6,rain,20.5,1016.2,64.6,7.9,170.3,6
"Lagos,Nigeria",,,6/22/2019,June,26.7,90.2,28,rain,23,1015.6,83.3,8.4,115.9,4
"Lagos,Nigeria",,,6/23/2019,June,26.4,89.4,8,rain,25.6,1014.8,81.2,9.1,147.6,5
"Lagos,Nigeria",,,6/24/2019,June,25.3,90.5,60,rain,20.9,1014.6,74.5,8.4,137.1,5
"Lagos,Nigeria",,,6/25/2019,June,25.1,93.4,21,rain,23,1014.8,75.1,5.2,131.8,5
"Lagos,Nigeria",,,6/26/2019,June,25.7,90,16.7,rain,21.2,1015.8,77,6.9,162.2,5
"Lagos,Nigeria",,,6/27/2019,June,26,88.2,24.5,rain,16.6,1016,79.6,9.2,158.4,5
"Lagos,Nigeria",,,6/28/2019,June,25.1,92.9,74,rain,20.2,1015.4,58.2,7.9,150.2,5
"Lagos,Nigeria",,,6/29/2019,June,25.9,89.8,0,,18.4,1015.5,53.9,8.9,211.9,7
"Lagos,Nigeria",,,6/30/2019,June,26.7,87.7,0.2,rain,22.3,1016.2,63.7,9.1,246.1,8
"Lagos,Nigeria",,,7/1/2019,July,25.5,93,26,rain,20.9,1014.8,45.8,8.4,226.3,7
"Lagos,Nigeria",,,7/2/2019,July,26.5,89.3,0.2,rain,17.3,1013.7,68,9.1,251.8,8
"Lagos,Nigeria",,,7/3/2019,July,26.8,88.2,0.9,rain,18.4,1013.2,49.8,9.4,205.4,7
"Lagos,Nigeria",,,7/4/2019,July,25.8,95.1,8,rain,19.4,1014,61,8.6,117.8,4
"Lagos,Nigeria",,,7/5/2019,July,25.9,94.1,3,rain,17.3,1014.9,64.3,8.8,113,4
"Lagos,Nigeria",,,7/6/2019,July,26.5,86.8,0,,14.8,1014.2,58.5,9.5,251.8,8
"Lagos,Nigeria",,,7/7/2019,July,27,86,0.1,rain,28.1,1014.5,70.4,9.7,138,5
"Lagos,Nigeria",,,7/8/2019,July,25.9,85.5,4,rain,24.1,1015.2,56.5,9.5,104.7,4
"Lagos,Nigeria",,,7/9/2019,July,26.7,83.6,0,,36.5,1016.6,50.8,9.8,147,5
"Lagos,Nigeria",,,7/10/2019,July,26.8,85.6,0,,22.3,1015.9,54.6,9.5,162.9,6
"Lagos,Nigeria",,,7/11/2019,July,25.8,88.9,6,rain,24.1,1014.4,66,8.2,92.7,3
"Lagos,Nigeria",,,7/12/2019,July,24.6,94.1,4,rain,14.8,1015.8,65.6,7.7,124.2,4
"Lagos,Nigeria",,,7/13/2019,July,25.9,86.9,3,rain,16.6,1016.2,56.6,7.7,240,8
"Lagos,Nigeria",,,7/14/2019,July,26.3,85.3,0,,18.4,1015,54.3,8.6,239.7,8
"Lagos,Nigeria",,,7/15/2019,July,25.7,87.1,0.2,rain,20.5,1014.3,61.8,9.2,93.6,3
"Lagos,Nigeria",,,7/16/2019,July,24.2,93.9,33,rain,18.4,1014.3,53.3,9.1,78.9,3
"Lagos,Nigeria",,,7/17/2019,July,25.8,85.8,0.2,rain,18.4,1015.5,51.4,8.7,233.6,8
"Lagos,Nigeria",,,7/18/2019,July,25.5,87.6,1,rain,13,1014.5,60.1,9.9,202.2,7
"Lagos,Nigeria",,,7/19/2019,July,25.8,88.1,1.9,rain,22,1015.3,65.8,10,152.1,5
"Lagos,Nigeria",,,7/20/2019,July,25.7,89.1,13.6,rain,20.9,1015.6,75.4,9.8,172.4,6
"Lagos,Nigeria",,,7/21/2019,July,26.5,83.7,0,,20.5,1015.4,61.7,9.9,213.5,7
"Lagos,Nigeria",,,7/22/2019,July,26.4,82.9,1,rain,31.7,1015.7,55.3,9.9,173.2,7
"Lagos,Nigeria",,,7/23/2019,July,24.8,93.5,41,rain,16.6,1015.5,67.8,7.5,199,7
"Lagos,Nigeria",,,7/24/2019,July,25.6,88.9,0.4,rain,16.6,1014.5,54.2,8.7,249.3,8
"Lagos,Nigeria",,,7/25/2019,July,26.1,86.8,0.4,rain,18.7,1014.3,65,8.7,193.9,7
"Lagos,Nigeria",,,7/26/2019,July,25.5,89.7,1.9,rain,25.9,1015.8,65.4,9.9,152.3,5
"Lagos,Nigeria",,,7/27/2019,July,25.4,92.8,1,rain,13,1014.7,74.9,8.3,111,4
"Lagos,Nigeria",,,7/28/2019,July,25.3,92.1,49,rain,24.1,1013.8,72.3,8.8,191.2,7
"Lagos,Nigeria",,,7/29/2019,July,26.1,87.4,1.2,rain,19.4,1014.6,75.2,9.5,188.7,7
"Lagos,Nigeria",,,7/30/2019,July,26.3,86.8,0.1,rain,25.9,1015,72.2,9.3,194,7
"Lagos,Nigeria",,,7/31/2019,July,26.2,86.2,8.2,rain,18.4,1014.9,64.4,9.5,243.2,8
"Lagos,Nigeria",,,8/1/2019,August,25.9,85.4,0,,16.9,1014.2,60,9.3,260.8,9
"Lagos,Nigeria",,,8/2/2019,August,26.3,84.2,11,rain,20.5,1014.4,66.7,9.3,173.3,6
"Lagos,Nigeria",,,8/3/2019,August,25.7,86.4,0.2,rain,24.1,1015.7,67.1,8.8,123.1,4
"Lagos,Nigeria",,,8/4/2019,August,26.1,84.6,0,,24.1,1016.3,58.6,9,245.8,8
"Lagos,Nigeria",,,8/5/2019,August,25.8,85.7,0,,25.9,1016,67.7,9.5,188.5,7
"Lagos,Nigeria",,,8/6/2019,August,26.4,83.1,0,,16.6,1016.8,66.3,9.5,176.4,6
"Lagos,Nigeria",,,8/7/2019,August,26.3,83.4,0,,14.8,1016.8,48.5,9.9,265.6,9
"Lagos,Nigeria",,,8/8/2019,August,25.6,86.1,0,,20.5,1016.7,64.2,10,117.1,5
"Lagos,Nigeria",,,8/9/2019,August,25.6,87.6,0.6,rain,24.5,1019.3,67.2,9.7,124,4
"Lagos,Nigeria",,,8/10/2019,August,25.5,88,4,rain,24.1,1017.5,57.9,8.5,209.2,7
"Lagos,Nigeria",,,8/11/2019,August,26.3,82.4,0.2,rain,21.6,1016.2,60.7,10,265.4,9
"Lagos,Nigeria",,,8/12/2019,August,25.5,85.3,0.3,rain,22.3,1014.3,57.6,10,242.1,8
"Lagos,Nigeria",,,8/13/2019,August,25.4,89.3,29,rain,23,1015.1,73.7,9,247.3,8
"Lagos,Nigeria",,,8/14/2019,August,26.6,82.9,0,,20.5,1015.5,59.9,9.9,272.8,9
"Lagos,Nigeria",,,8/15/2019,August,25.8,86.6,0,,24.1,1017.1,54.5,9.6,237.1,8
"Lagos,Nigeria",,,8/16/2019,August,25.1,87.2,0,,38.9,1015.8,58.1,9.9,243.3,8
"Lagos,Nigeria",,,8/17/2019,August,26,84.5,0,,16.6,1015.9,55.7,10,221.5,8
"Lagos,Nigeria",,,8/18/2019,August,26.4,82.3,0,,20.5,1013.9,50.8,9.8,270.6,9
"Lagos,Nigeria",,,8/19/2019,August,26.5,80.8,0.1,rain,22.3,1014.4,61.6,10,147.5,5
"Lagos,Nigeria",,,8/20/2019,August,26,88.1,7,rain,22.3,1014.6,68.2,8.8,239.1,8
"Lagos,Nigeria",,,8/21/2019,August,26,88,0.2,rain,35.3,1015.3,58.4,9.8,123.6,4
"Lagos,Nigeria",,,8/22/2019,August,26.6,82.9,0.1,rain,24.1,1014.6,61.9,10,134.6,5
"Lagos,Nigeria",,,8/23/2019,August,26,83.7,0,,76.7,1015.7,65.6,9.9,128.2,5
"Lagos,Nigeria",,,8/24/2019,August,26.4,82.8,1.1,rain,26.1,1016,67.3,9.3,186.8,6
"Lagos,Nigeria",,,8/25/2019,August,26.1,86,0,,19.5,1016.1,66.7,10,151,6
"Lagos,Nigeria",,,8/26/2019,August,26.2,85.6,0,,18.7,1016.2,66.9,9.4,200.1,7
"Lagos,Nigeria",,,8/27/2019,August,26,85.6,0,,16.6,1015.7,59.4,9.5,191.5,8
"Lagos,Nigeria",,,8/28/2019,August,26.6,82.9,0,,22.3,1015.9,54,9.9,107.8,4
"Lagos,Nigeria",,,8/29/2019,August,27,80.9,0.2,rain,18.4,1015.7,56.5,9.5,246.3,8
"Lagos,Nigeria",,,8/30/2019,August,26.4,84.2,3,rain,27.7,1015.9,59.3,9.5,152.9,6
"Lagos,Nigeria",,,8/31/2019,August,26.7,83.9,0,,18.4,1013.4,76.9,10,154.4,6
"Lagos,Nigeria",,,9/1/2019,September,25.7,88.1,3.4,rain,26.6,1012.7,78.8,9.9,96.2,3
"Lagos,Nigeria",,,9/2/2019,September,26.6,85.1,1,rain,20.9,1014.1,56,9.8,228.3,8
"Lagos,Nigeria",,,9/3/2019,September,25.1,89.3,0.7,rain,27.7,1019.1,52.7,8.9,230.9,8
"Lagos,Nigeria",,,9/4/2019,September,24.6,91,9.1,rain,44.6,1021.5,84.5,8.2,121.1,4
"Lagos,Nigeria",,,9/5/2019,September,25.4,88.9,5.6,rain,55.4,1018.2,54.3,10,233.2,8
"Lagos,Nigeria",,,9/6/2019,September,25.3,90.7,42,rain,18.7,1014.8,75.9,7.9,132.8,5
"Lagos,Nigeria",,,9/7/2019,September,25.7,88.5,0.8,rain,20.5,1015.3,62.2,9.2,156.6,5
"Lagos,Nigeria",,,9/8/2019,September,26.3,85.7,1,rain,16.6,1015.9,59.4,10,122.4,4
"Lagos,Nigeria",,,9/9/2019,September,26.8,84,0,,24.1,1015.6,64.3,10,155.1,6
"Lagos,Nigeria",,,9/10/2019,September,26.5,87,1,rain,19.8,1014.4,60.4,9.5,213.5,7
"Lagos,Nigeria",,,9/11/2019,September,25.8,91.3,0.2,rain,22.3,1012.7,65,8.5,207.9,7
"Lagos,Nigeria",,,9/12/2019,September,26,90.5,0.9,rain,24.1,1014,62.8,8.5,220.7,7
"Lagos,Nigeria",,,9/13/2019,September,26,89.4,7,rain,20.5,1014.9,65.5,8.3,131.4,5
"Lagos,Nigeria",,,9/14/2019,September,24.4,94.4,34,rain,16.6,1014.2,57.1,8.2,172.1,7
"Lagos,Nigeria",,,9/15/2019,September,25.3,90.4,1,rain,18.4,1013.9,57.1,8.4,204,7
"Lagos,Nigeria",,,9/16/2019,September,27.1,84.5,0.3,rain,16.6,1013.2,55,10,131.1,5
"Lagos,Nigeria",,,9/17/2019,September,26.4,90.4,17,rain,21.6,1012.7,63.4,9.4,124.2,4
"Lagos,Nigeria",,,9/18/2019,September,25.8,91.6,27,rain,21.2,1013,59.4,8.5,178.8,7
"Lagos,Nigeria",,,9/19/2019,September,25.4,92.6,15,rain,18.4,1012.8,74.1,7.8,183.6,6
"Lagos,Nigeria",,,9/20/2019,September,27.1,85.5,0,,16.8,1013.6,61.4,8,189.7,7
"Lagos,Nigeria",,,9/21/2019,September,26.6,88.8,3.2,rain,15.1,1013.3,66.1,10,177.7,6
"Lagos,Nigeria",,,9/22/2019,September,26.3,82.6,3,rain,27.7,1013,49.8,9.1,106.3,4
"Lagos,Nigeria",,,9/23/2019,September,27,84.9,0,,20.3,1013.3,53.9,9.8,198.3,7
"Lagos,Nigeria",,,9/24/2019,September,27.5,81.8,0,,18.4,1013.6,51.2,10,175.8,6
"Lagos,Nigeria",,,9/25/2019,September,27.6,84.3,0,,16.6,1014.3,46.4,9.8,157.7,6
"Lagos,Nigeria",,,9/26/2019,September,27.5,84.3,0,,20.5,1014.2,51.1,9.8,113.7,4
"Lagos,Nigeria",,,9/27/2019,September,25.8,87.9,2,rain,16.6,1013.6,59.6,9.6,125.4,5
"Lagos,Nigeria",,,9/28/2019,September,25.3,90.4,8.7,rain,46.4,1013.7,74.2,9.3,158.3,5
"Lagos,Nigeria",,,9/29/2019,September,26.5,86,19,rain,16.6,1014.1,62.8,8.9,181.1,6
"Lagos,Nigeria",,,9/30/2019,September,26.2,89.6,13,rain,16.6,1012.4,52.1,8.9,164,6
"Lagos,Nigeria",,,10/1/2019,October,24.6,96.4,28,rain,14,1012.4,73.6,6.9,124.8,4
"Lagos,Nigeria",,,10/2/2019,October,25.7,89.1,13,rain,16.6,1014,61.1,8.2,209.4,7
"Lagos,Nigeria",,,10/3/2019,October,25.9,85.2,1,rain,24.1,1012.9,67.9,9.6,141.1,5
"Lagos,Nigeria",,,10/4/2019,October,25.4,90.4,48,rain,18.4,1011.9,68.3,9.2,155.9,6
"Lagos,Nigeria",,,10/5/2019,October,25.6,88.8,10,rain,14.8,1012.6,77.2,8.5,173,6
"Lagos,Nigeria",,,10/6/2019,October,26.6,86.4,4.1,rain,18.4,1012.9,74.4,9.6,217.6,7
"Lagos,Nigeria",,,10/7/2019,October,26.4,87.7,1,rain,16.2,1011.4,59.2,10,165.5,5
"Lagos,Nigeria",,,10/8/2019,October,25.2,93.5,28,rain,13,1011.9,76.2,8.9,129.2,5
"Lagos,Nigeria",,,10/9/2019,October,26.4,88.9,8,rain,22.3,1011.1,61.2,9.1,210.6,7
"Lagos,Nigeria",,,10/10/2019,October,27.1,87.3,14.3,rain,19.1,1011,58.8,9.9,136.1,5
"Lagos,Nigeria",,,10/11/2019,October,25.8,93,20,rain,16.6,1011.6,68.6,8.7,134.6,5
"Lagos,Nigeria",,,10/12/2019,October,24.2,96.1,0.3,rain,19.1,1012.6,66.2,7.2,88.6,3
"Lagos,Nigeria",,,10/13/2019,October,25.8,88,34,rain,18.4,1012.9,57.8,8.2,225.9,8
"Lagos,Nigeria",,,10/14/2019,October,27.2,85.9,0,,20.5,1011.7,55.7,9.1,140,5
"Lagos,Nigeria",,,10/15/2019,October,26.9,85.8,1.4,rain,31.7,1013.1,52.2,9.5,129.3,4
"Lagos,Nigeria",,,10/16/2019,October,26.4,84.2,0,,16.6,1013.3,53.2,9.3,126,4
"Lagos,Nigeria",,,10/17/2019,October,26.2,86.7,12,rain,16.6,1012.6,55.7,8.9,194.1,7
"Lagos,Nigeria",,,10/18/2019,October,25.9,91.6,6,rain,13,1012,73.9,7.5,92.6,3
"Lagos,Nigeria",,,10/19/2019,October,25.8,88.4,0.5,rain,28.4,1012,61.7,7.7,203.6,7
"Lagos,Nigeria",,,10/20/2019,October,24,96.7,86,rain,13,1013.4,66.8,7.9,149.5,5
"Lagos,Nigeria",,,10/21/2019,October,26.4,86.7,0,,16.6,1013.2,52.6,8.7,257.4,9
"Lagos,Nigeria",,,10/22/2019,October,27,86.6,0,,16.9,1012.3,59.2,9.5,190.4,8
"Lagos,Nigeria",,,10/23/2019,October,25.6,90.9,22,rain,33.5,1012,66.1,8.4,81.1,3
"Lagos,Nigeria",,,10/24/2019,October,26.9,85.8,0.9,rain,16.6,1012.2,53.9,8.5,95.2,3
"Lagos,Nigeria",,,10/25/2019,October,25.7,90.2,12,rain,16.6,1012.2,63.9,8.5,108,4
"Lagos,Nigeria",,,10/26/2019,October,26,88.8,7,rain,13.7,1012.6,51.7,8.1,138.7,5
"Lagos,Nigeria",,,10/27/2019,October,26.4,88.3,0.3,rain,15.8,1013,60.8,7.9,168,6
"Lagos,Nigeria",,,10/28/2019,October,24.1,94.2,8,rain,24.1,1013.6,57.4,8.2,180.1,6
"Lagos,Nigeria",,,10/29/2019,October,26.3,85.5,0,,15.4,1013,51.9,7.4,230.4,8
"Lagos,Nigeria",,,10/30/2019,October,26.5,88.1,5,rain,16.6,1013.4,71.9,9,219.7,8
"Lagos,Nigeria",,,10/31/2019,October,27.4,83.2,0,,17.7,1012.6,54,9.8,209.7,8
"Lagos,Nigeria",,,4/1/2020,April,28,82.8,9,rain,27.7,1011.1,47.4,9.5,122.7,5
"Lagos,Nigeria",,,4/2/2020,April,28.8,81.2,0,,24.1,1011.1,48.9,9.6,200.6,7
"Lagos,Nigeria",,,4/3/2020,April,29.8,76.8,0,,24.1,1010.9,44.5,10,129.9,5
"Lagos,Nigeria",,,4/4/2020,April,26.9,85.3,0.1,rain,31.7,1012.3,48.2,9.2,111.4,4
"Lagos,Nigeria",,,4/5/2020,April,28.7,82.2,3.9,rain,24.1,1011.7,45.6,10.1,177.2,6
"Lagos,Nigeria",,,4/6/2020,April,28.2,84.5,0.7,rain,74.2,1012.1,63.8,10,116.4,5
"Lagos,Nigeria",,,4/7/2020,April,29.1,79.1,0.2,rain,18.3,1011.5,45.6,10,152.9,5
"Lagos,Nigeria",,,4/8/2020,April,29.1,82.9,0.2,rain,18.1,1012,60.2,10,103,4
"Lagos,Nigeria",,,4/9/2020,April,30.1,77.3,0,,28.9,1010.8,51.1,10.1,148,5
"Lagos,Nigeria",,,4/10/2020,April,28.5,80.4,0.1,rain,22.3,1011.8,40.8,9.4,172.8,6
"Lagos,Nigeria",,,4/11/2020,April,29.4,80.1,0,,20.5,1012.2,43.8,9.7,158.6,5
"Lagos,Nigeria",,,4/12/2020,April,30.2,76.6,0,,22.3,1011.7,53.7,10,197.7,7
"Lagos,Nigeria",,,4/13/2020,April,30.1,77,0,,22.3,1011.4,51.8,9.6,236.2,8
"Lagos,Nigeria",,,4/14/2020,April,29.8,79.2,0,,27.7,1010.9,50.1,8.3,231.4,8
"Lagos,Nigeria",,,4/15/2020,April,30.4,77.4,0,,18.4,1011.5,47.9,8.4,218.3,7
"Lagos,Nigeria",,,4/16/2020,April,30,82.7,0,,31.7,1010.8,50.2,9.5,183.2,7
"Lagos,Nigeria",,,4/17/2020,April,29.9,80,0,,21.6,1010.8,68.6,10.1,200.3,7
"Lagos,Nigeria",,,4/18/2020,April,30.4,77.8,0,,20.5,1011.7,63.9,9.7,144.1,5
"Lagos,Nigeria",,,4/19/2020,April,28.9,83.2,0,,33.6,1013.5,64.4,9.8,103,3
"Lagos,Nigeria",,,4/20/2020,April,29.3,78.5,0,,18.9,1012.8,47.7,10,167.2,6
"Lagos,Nigeria",,,4/21/2020,April,29.5,81.5,0,,22.3,1011.8,48.1,9.7,197.2,7
"Lagos,Nigeria",,,4/22/2020,April,27.7,82.9,40,rain,46.4,1011.8,59.3,9.4,110,4
"Lagos,Nigeria",,,4/23/2020,April,28.4,81.6,2.1,rain,20.5,1011.2,46.2,9.7,145.7,5
"Lagos,Nigeria",,,4/24/2020,April,29.7,80.6,0.4,rain,28.5,1011.1,43.1,10.1,102.2,3
"Lagos,Nigeria",,,4/25/2020,April,29.4,81.6,0,,18.4,1011.5,51.5,10.1,94.5,3
"Lagos,Nigeria",,,4/26/2020,April,26.7,89.2,4,rain,29.5,1011.7,53.5,9.6,119.6,4
"Lagos,Nigeria",,,4/27/2020,April,28.4,81.1,0.3,rain,14.8,1013.3,50.8,10,170,6
"Lagos,Nigeria",,,4/28/2020,April,27.2,82.4,4,rain,16.6,1013.1,44.4,9.4,137,5
"Lagos,Nigeria",,,4/29/2020,April,28.5,83.8,3,rain,27.7,1014.3,59.7,9.7,131.1,5
"Lagos,Nigeria",,,4/30/2020,April,27.2,85.3,3,rain,16.6,1014.6,59.8,10,112.3,4
"Lagos,Nigeria",,,5/1/2020,May,28.9,77.8,0.4,rain,18.4,1014,44.9,9.7,158,6
"Lagos,Nigeria",,,5/2/2020,May,29.9,78.9,0,,18.4,1013.2,41.7,10,154.8,6
"Lagos,Nigeria",,,5/3/2020,May,27.6,84.1,1,rain,35.3,1011.6,56.3,9.5,132.1,5
"Lagos,Nigeria",,,5/4/2020,May,27.7,80.7,4,rain,24.1,1012.2,48.7,9.6,201.3,7
"Lagos,Nigeria",,,5/5/2020,May,29.4,80.3,0,,26.3,1012.5,39.3,9.8,250.9,8
"Lagos,Nigeria",,,5/6/2020,May,29.8,81.3,0,,18.9,1011.2,58.8,10.1,267.4,9
"Lagos,Nigeria",,,5/7/2020,May,29.5,82.4,0.3,rain,19.1,1010.9,55.6,10.1,221.1,7
"Lagos,Nigeria",,,5/8/2020,May,29.7,80.7,0,,16.6,1011.3,57.6,10,193.2,6
"Lagos,Nigeria",,,5/9/2020,May,29.5,80.5,0,,33.5,1011.7,50.4,10,220.1,7
"Lagos,Nigeria",,,5/10/2020,May,27.2,90,15,rain,35.3,1013.1,54.1,9.1,111.7,4
"Lagos,Nigeria",,,5/11/2020,May,27.9,84.8,0,,18.4,1014.5,56.3,9.5,116.4,4
"Lagos,Nigeria",,,5/12/2020,May,28.6,81.4,0,,16.6,1013.8,43.4,10,209.5,7
"Lagos,Nigeria",,,5/13/2020,May,28.4,78.8,0,,24.1,1013.6,43.9,9.9,147.3,4
"Lagos,Nigeria",,,5/14/2020,May,29.5,79.5,0,,25.9,1012.9,57.9,10,176.2,6
"Lagos,Nigeria",,,5/15/2020,May,29.3,81.8,0,,14.8,1012.4,56.5,9.8,116.2,4
"Lagos,Nigeria",,,5/16/2020,May,30.1,79.7,0,,18.4,1012.3,47,10,174.2,7
"Lagos,Nigeria",,,5/17/2020,May,29.9,81.4,0.1,rain,20.5,1012.5,51.8,9.9,135,4
"Lagos,Nigeria",,,5/18/2020,May,29.6,80.8,0,,17,1013.4,50.9,10,166,6
"Lagos,Nigeria",,,5/19/2020,May,26.7,87.9,11,rain,34.1,1014.2,46.1,9.7,118.6,4
"Lagos,Nigeria",,,5/20/2020,May,28.3,80.4,0.4,rain,19.8,1014.6,56.9,9.9,168.6,6
"Lagos,Nigeria",,,5/21/2020,May,29.1,81.2,0.6,rain,40.7,1015.3,57.9,10.2,181.4,7
"Lagos,Nigeria",,,5/22/2020,May,28.3,84.1,0.2,rain,18.7,1014.5,60.2,10,141.7,5
"Lagos,Nigeria",,,5/23/2020,May,29.2,79.2,0,,31.7,1013.8,60.5,10,185.5,6
"Lagos,Nigeria",,,5/24/2020,May,28.7,82.6,0,,22.3,1013.4,61.2,10,222.3,8
"Lagos,Nigeria",,,5/25/2020,May,26,90.4,11,rain,24.1,1013.3,61.7,8.8,120.7,4
"Lagos,Nigeria",,,5/26/2020,May,28,83.1,0,,16.6,1013.2,49.2,8.3,184.1,7
"Lagos,Nigeria",,,5/27/2020,May,28.7,83.2,0,,14.8,1013.2,53,10,137.2,4
"Lagos,Nigeria",,,5/28/2020,May,25.6,93.9,21,rain,51.8,1012.8,47.7,8.5,97.3,4
"Lagos,Nigeria",,,5/29/2020,May,27.5,85,0.2,rain,16.6,1012.3,54.1,8.7,133.7,5
"Lagos,Nigeria",,,5/30/2020,May,27.7,87.2,1,rain,22.3,1011.9,54.4,9.3,103.4,4
"Lagos,Nigeria",,,5/31/2020,May,28,82.8,8.1,rain,18.7,1012.7,76.3,10,118.6,4
"Lagos,Nigeria",,,6/1/2020,June,27.1,85.6,3.8,rain,23,1013.7,68.1,9.7,164.7,6
"Lagos,Nigeria",,,6/2/2020,June,25.4,87.2,21,rain,22.3,1013.7,54.6,7.7,168.2,7
"Lagos,Nigeria",,,6/3/2020,June,28,83.8,0.4,rain,14.8,1013.5,52.4,8.6,165,5
"Lagos,Nigeria",,,6/4/2020,June,27.4,88.3,0.9,rain,14.8,1013.5,47.1,9.2,103.3,4
"Lagos,Nigeria",,,6/5/2020,June,28.3,82.1,23,rain,18.4,1014.3,53.9,9.4,139.7,5
"Lagos,Nigeria",,,6/6/2020,June,28,85.6,3.6,rain,18.4,1014.7,67.9,9.5,100.7,4
"Lagos,Nigeria",,,6/7/2020,June,26.7,87.1,52,rain,16.9,1014,60.1,9,172.5,6
"Lagos,Nigeria",,,6/8/2020,June,28.2,83.9,0,,16.6,1013.1,52.4,9.5,123.8,4
"Lagos,Nigeria",,,6/9/2020,June,27.2,80.1,2.1,rain,40,1013.6,54.7,10.1,104.4,4
"Lagos,Nigeria",,,6/10/2020,June,28.4,81.6,0.1,rain,16.6,1013.8,57.1,9.9,112.4,4
"Lagos,Nigeria",,,6/11/2020,June,27.2,85.6,0,,20.1,1014.6,58.3,9.5,196.6,7
"Lagos,Nigeria",,,6/12/2020,June,26.3,89.2,0,,11.2,1013.1,47.3,10,126.5,4
"Lagos,Nigeria",,,6/13/2020,June,27,84,0.1,rain,15.5,1013.5,57.6,9.9,176.1,6
"Lagos,Nigeria",,,6/14/2020,June,26.9,89.2,15,rain,14.8,1014.2,68.5,9.7,115.7,4
"Lagos,Nigeria",,,6/15/2020,June,27,89.4,15,rain,16.6,1014.4,59.7,9.3,170.7,6
"Lagos,Nigeria",,,6/16/2020,June,27.8,87.7,0.2,rain,18.4,1013.3,62.1,9.4,171.3,6
"Lagos,Nigeria",,,6/17/2020,June,26,93.6,45,rain,16.6,1013.1,66.9,8.5,111.4,4
"Lagos,Nigeria",,,6/18/2020,June,23.9,98.3,56,rain,18.4,1014.9,70.2,6.5,105.8,4
"Lagos,Nigeria",,,6/19/2020,June,26.2,85.9,0,,14.9,1015.1,48.1,9,118,4
"Lagos,Nigeria",,,6/20/2020,June,25.8,89.7,0,,18.4,1014.9,65.7,7.6,160.6,5
"Lagos,Nigeria",,,6/21/2020,June,25.6,91.8,37,rain,19.4,1014.3,60.5,6.9,240.1,8
"Lagos,Nigeria",,,6/22/2020,June,24.6,96.5,22,rain,20.5,1013.4,66.6,6.3,143.4,5
"Lagos,Nigeria",,,6/23/2020,June,25.9,86.5,0,,16.6,1012.6,42.2,6.9,149,5
"Lagos,Nigeria",,,6/24/2020,June,27,87,221,rain,14.8,1013,57.2,9.7,253.7,8
"Lagos,Nigeria",,,6/25/2020,June,27.6,84.3,0.3,rain,20.2,1012.8,55.8,9.7,165.1,5
"Lagos,Nigeria",,,6/26/2020,June,27,86.2,0.4,rain,23,1012.9,65.3,9.4,98.3,3
"Lagos,Nigeria",,,6/27/2020,June,26.4,86.5,0.9,rain,20.5,1011.8,67.7,9.5,122.4,4
"Lagos,Nigeria",,,6/28/2020,June,25.1,94.1,19,rain,9.4,1012.3,69.7,7.8,111.7,4
"Lagos,Nigeria",,,6/29/2020,June,25.7,90.9,2,rain,22.3,1013.2,64.7,8.9,103.8,3
"Lagos,Nigeria",,,6/30/2020,June,25.2,91.6,61,rain,24.5,1014,85.2,9.3,128.9,4
"Lagos,Nigeria",,,7/1/2020,July,26.4,87.3,0,,9.4,1013.1,66.1,10,231.1,8
"Lagos,Nigeria",,,7/2/2020,July,27.2,85.2,0,,16.4,1012.8,62.4,9.8,208.9,7
"Lagos,Nigeria",,,7/3/2020,July,27.3,84.7,0,,14.8,1012.9,77.8,10,141.8,5
"Lagos,Nigeria",,,7/4/2020,July,24.9,94.3,71,rain,27.4,1013.1,78.8,5.6,76.8,3
"Lagos,Nigeria",,,7/5/2020,July,25.6,91.3,59,rain,19.4,1013.7,55.5,7.8,161.4,6
"Lagos,Nigeria",,,7/6/2020,July,26.1,90.2,13,rain,15.1,1013,56.4,8.5,99.7,3
"Lagos,Nigeria",,,7/7/2020,July,25.6,92.4,6,rain,19.8,1012.4,62.2,7.1,139.7,5
"Lagos,Nigeria",,,7/8/2020,July,25,94.2,18,rain,14.8,1012.2,55.7,7.3,125.5,5
"Lagos,Nigeria",,,7/9/2020,July,25.1,94.2,5,rain,9.4,1013.2,63.2,6.9,116.2,3
"Lagos,Nigeria",,,7/10/2020,July,25.9,88.6,0,,16.6,1013.7,57.7,8.7,116.1,4
"Lagos,Nigeria",,,7/11/2020,July,25.5,88.1,0,,20.5,1014.6,59.2,10.1,99.8,3
"Lagos,Nigeria",,,7/12/2020,July,25.7,89.1,0.1,rain,20.9,1015.3,50.9,9.5,218.6,7
"Lagos,Nigeria",,,7/13/2020,July,25.8,87.4,0,,23.4,1013,62.9,9.1,228.6,8
"Lagos,Nigeria",,,7/14/2020,July,26,85.4,0,,27.7,1013.4,54.6,9.8,217.1,8
"Lagos,Nigeria",,,7/15/2020,July,25.3,86.7,0,,20.9,1013.9,52.6,10,202.4,7
"Lagos,Nigeria",,,7/16/2020,July,25.1,88.2,0,,16.7,1014.9,56.4,10,153.1,5
"Lagos,Nigeria",,,7/17/2020,July,25.2,87.7,0,,11.2,1015.2,59.6,10,225.6,7
"Lagos,Nigeria",,,7/18/2020,July,25.6,85.5,0,,13.1,1014.6,55,9.7,139.6,5
"Lagos,Nigeria",,,7/19/2020,July,25.7,86.9,0,,16.1,1013.6,54,9.4,167.1,6
"Lagos,Nigeria",,,7/20/2020,July,26.3,85.1,0.4,rain,25.9,1014,58.1,9.9,189.9,6
"Lagos,Nigeria",,,7/21/2020,July,26.8,83.8,0.2,rain,20.5,1013.2,59.8,10,167.2,6
"Lagos,Nigeria",,,7/22/2020,July,26.2,86.9,4,rain,18.4,1013.9,60.3,9.8,120.5,4
"Lagos,Nigeria",,,7/23/2020,July,26.6,83.7,0,,24.1,1013.8,63.5,10,166.8,5
"Lagos,Nigeria",,,7/24/2020,July,26.5,82.6,0,,21.8,1014.6,57.1,9.6,246.5,8
"Lagos,Nigeria",,,7/25/2020,July,26.8,80.1,0,,16.6,1013.6,62.7,10,247.9,9
"Lagos,Nigeria",,,7/26/2020,July,25.8,83.7,0,,18.4,1015.4,63.1,10,228.2,7
"Lagos,Nigeria",,,7/27/2020,July,26.2,81,0,,14.8,1014.9,61,10,216.6,8
"Lagos,Nigeria",,,7/28/2020,July,25.2,85,0,,35.3,1014.6,69.5,11.5,231.3,8
"Lagos,Nigeria",,,7/29/2020,July,26,84,0,,27.7,1014.9,49.5,8.6,269.9,9
"Lagos,Nigeria",,,7/30/2020,July,26.2,82,0,,22.3,1013.9,59,10,268.3,9
"Lagos,Nigeria",,,7/31/2020,July,25.8,83.3,0.2,rain,29.5,1013.9,75.6,9.9,153.3,5
"Lagos,Nigeria",,,8/1/2020,August,26.1,81.5,2,rain,30.4,1015.2,54.2,10.4,245.9,8
"Lagos,Nigeria",,,8/2/2020,August,24.8,88.1,0,,40.7,1015.6,49.3,9.3,234,8
"Lagos,Nigeria",,,8/3/2020,August,24.8,86.7,0,,27.7,1016.4,49.2,9.7,189.8,7
"Lagos,Nigeria",,,8/4/2020,August,25.8,80,0,,20.5,1016.1,50.7,10,266.4,10
"Lagos,Nigeria",,,8/5/2020,August,25.3,81.3,0,,22.3,1015.1,58.7,10.1,288,10
"Lagos,Nigeria",,,8/6/2020,August,24.7,80.6,0,,18.4,1016.4,59.8,10,208.3,8
"Lagos,Nigeria",,,8/7/2020,August,24.7,82.3,1,rain,24.1,1016.4,59.1,9.8,179.2,6
"Lagos,Nigeria",,,8/8/2020,August,25.5,79.5,0,,16.9,1017,51.3,9.7,207.3,7
"Lagos,Nigeria",,,8/9/2020,August,25.9,78.6,0,,25.9,1016.4,47.7,9.1,277.2,9
"Lagos,Nigeria",,,8/10/2020,August,25.2,82.9,0,,25.9,1014,56.4,10.1,271.5,9
"Lagos,Nigeria",,,8/11/2020,August,25.8,82.7,0,,18.4,1014.1,55.2,10,266.4,9
"Lagos,Nigeria",,,8/12/2020,August,25.6,84.3,0,,14.8,1014.9,42.3,9.5,293.8,10
"Lagos,Nigeria",,,8/13/2020,August,25.8,79.9,0,,16.4,1014.8,61,10,295.7,10
"Lagos,Nigeria",,,8/14/2020,August,25.5,82.2,0.1,rain,23.8,1013.2,66.8,10.1,134.3,5
"Lagos,Nigeria",,,8/15/2020,August,26.2,83.7,0,,23,1012.6,61.1,9.7,197.6,6
"Lagos,Nigeria",,,8/16/2020,August,26.4,82.2,0,,16.9,1014.1,55.2,10.3,256.7,9
"Lagos,Nigeria",,,8/17/2020,August,25.4,84.5,0,,37.1,1012.3,57.8,8.9,255.9,8
"Lagos,Nigeria",,,8/18/2020,August,26.4,83,0,,22.3,1011.7,48.2,9.7,271.5,9
"Lagos,Nigeria",,,8/19/2020,August,27,78.9,0,,20.9,1011.1,50.7,9.9,250.2,8
"Lagos,Nigeria",,,8/20/2020,August,25.6,85.3,0,,37.1,1010.6,62.6,10.1,264.2,8
"Lagos,Nigeria",,,8/21/2020,August,25.6,85.4,0,,18.4,1012.1,75.1,10,228.6,7
"Lagos,Nigeria",,,8/22/2020,August,25.4,87.5,0,,18.7,1013.8,82.1,8.9,269.8,9
"Lagos,Nigeria",,,8/23/2020,August,26.2,82.8,0,,17.6,1014.4,55.6,9.9,231.9,8
"Lagos,Nigeria",,,8/24/2020,August,26.4,77.7,0,,19.8,1013.4,64.9,10,135.4,5
"Lagos,Nigeria",,,8/25/2020,August,25.6,83.5,0,,14.9,1013.5,52.9,9.8,213.8,7
"Lagos,Nigeria",,,8/26/2020,August,25.6,84,0,,14.8,1014.6,48.5,9.7,213.3,8
"Lagos,Nigeria",,,8/27/2020,August,26.3,82.5,0,,20.5,1014.7,56,9.8,270.7,9
"Lagos,Nigeria",,,8/28/2020,August,26.9,79.5,0,,24.1,1013.6,64.7,10,243.8,8
"Lagos,Nigeria",,,8/29/2020,August,26.4,81.5,0,,18.4,1013.9,52.9,10,133.7,5
"Lagos,Nigeria",,,8/30/2020,August,26.1,84.4,0.1,rain,24.1,1014.3,68.9,10,217.4,8
"Lagos,Nigeria",,,8/31/2020,August,26.3,83,0.1,rain,23.8,1014.2,59.3,9.8,291.2,10
"Lagos,Nigeria",,,9/1/2020,September,25.8,87,1,rain,19.4,1013.2,65,9.1,131.2,4
"Lagos,Nigeria",,,9/2/2020,September,25.4,88.2,1,rain,21.2,1012.4,59,10,264.6,9
"Lagos,Nigeria",,,9/3/2020,September,25.5,88.6,0,,20.9,1013.6,50.2,10,264.9,9
"Lagos,Nigeria",,,9/4/2020,September,25.6,89.4,0,,25.2,1014.5,79.8,9,213.9,9
"Lagos,Nigeria",,,9/5/2020,September,25.6,88.5,0.7,rain,26.3,1013,84.4,8,149.4,6
"Lagos,Nigeria",,,9/6/2020,September,25.5,87.5,0,,23.8,1011.9,75.8,9,240.7,9
"Lagos,Nigeria",,,9/7/2020,September,26.4,82.4,0,,19.4,1011.3,60,10.6,283.2,9
"Lagos,Nigeria",,,9/8/2020,September,27.2,78.7,0,,18.4,1012.3,53.6,9.8,207.5,7
"Lagos,Nigeria",,,9/9/2020,September,25,89.2,14.8,rain,27,1013,58.5,9.1,87.4,3
"Lagos,Nigeria",,,9/10/2020,September,26.7,83.1,0.8,rain,22.3,1012.6,75,9.7,260.9,9
"Lagos,Nigeria",,,9/11/2020,September,26.6,83.4,0,,16.9,1012.3,63.8,9.9,161.2,6
"Lagos,Nigeria",,,9/12/2020,September,26,88.1,1,rain,19.4,1012.9,73.4,9.1,149.3,5
"Lagos,Nigeria",,,9/13/2020,September,25.5,83.4,0,,18.4,1014.1,46.7,9.1,171.3,6
"Lagos,Nigeria",,,9/14/2020,September,25.7,89.3,0,,11.2,1014.3,57,9.4,233.8,8
"Lagos,Nigeria",,,9/15/2020,September,23.8,93.6,21,rain,69.2,1013.5,64.2,9.2,166.3,6
"Lagos,Nigeria",,,9/16/2020,September,25.2,89.6,2,rain,29.2,1012,75.2,9,83.2,3
"Lagos,Nigeria",,,9/17/2020,September,26.1,84.9,4.2,rain,24.1,1012.7,75.6,9.4,240.1,8
"Lagos,Nigeria",,,9/18/2020,September,26.7,80.3,0,,31.7,1012.8,76.7,15,217.9,8
"Lagos,Nigeria",,,9/19/2020,September,26.2,86,12.4,rain,35.3,1012.6,77.8,10.5,113.5,4
"Lagos,Nigeria",,,9/20/2020,September,25.3,90.5,16.9,rain,33.5,1015.7,72.6,8.7,127.8,4
"Lagos,Nigeria",,,9/21/2020,September,26,87.4,0.3,rain,19.8,1014.9,68.1,9.5,228.6,8
"Lagos,Nigeria",,,9/22/2020,September,26.1,89.1,0.4,rain,20.9,1015.1,66.2,9.5,188,7
"Lagos,Nigeria",,,9/23/2020,September,26.6,86.3,0,,18.4,1014.6,54.6,9.5,195.8,7
"Lagos,Nigeria",,,9/24/2020,September,25.9,85,8,rain,18.4,1014,67.8,9.8,132.1,5
"Lagos,Nigeria",,,9/25/2020,September,26.4,83.1,0.7,rain,15.8,1015.1,68.1,9.7,206.6,7
"Lagos,Nigeria",,,9/26/2020,September,25,90.5,3.8,rain,31.7,1013.3,66.1,8.8,159.2,6
"Lagos,Nigeria",,,9/27/2020,September,25.9,87.6,1,rain,19.8,1012.2,70.3,9.1,171.4,6
"Lagos,Nigeria",,,9/28/2020,September,26.6,86.4,0.8,rain,20.9,1013.1,70,9.8,211.8,7
"Lagos,Nigeria",,,9/29/2020,September,26.3,84.7,0.5,rain,29.5,1013.9,65,10.8,137.4,5
"Lagos,Nigeria",,,9/30/2020,September,25.5,89.7,8,rain,21.2,1014.1,70.7,10.4,109,4
"Lagos,Nigeria",,,10/1/2020,October,26.3,84.6,0,,24.1,1012.3,58.5,10.3,252,8
"Lagos,Nigeria",,,10/2/2020,October,27.2,82.5,0,,48.2,1012.3,63,11.6,259.6,9
"Lagos,Nigeria",,,10/3/2020,October,26.5,84.9,1.8,rain,43.2,1011.5,63.8,10.3,232.8,8
"Lagos,Nigeria",,,10/4/2020,October,26.7,84.7,1.4,rain,46.8,1012.5,72.5,11.8,245.8,9
"Lagos,Nigeria",,,10/5/2020,October,26.8,86.5,1.7,rain,75.6,1014,73.3,10.6,134.2,5
"Lagos,Nigeria",,,10/6/2020,October,25.6,88.8,4.7,rain,46.4,1013.4,73.1,9.3,133.8,5
"Lagos,Nigeria",,,10/7/2020,October,24.9,88.4,16,rain,20.5,1013.9,68.8,9.4,136.4,5
"Lagos,Nigeria",,,10/8/2020,October,25.9,90.1,0.5,rain,18.4,1013.2,61.8,9,159.6,5
"Lagos,Nigeria",,,10/9/2020,October,26.3,87.8,3.6,rain,28.8,1013.4,42.6,11,229.8,8
"Lagos,Nigeria",,,10/10/2020,October,26.2,87.4,3.1,rain,14.4,1014,61.5,9.2,234.6,8
"Lagos,Nigeria",,,10/11/2020,October,26.3,87.6,4.9,rain,19.4,1013.5,79.3,10.2,139.3,5
"Lagos,Nigeria",,,10/12/2020,October,25.9,88,1.2,rain,37.1,1012.8,46.7,11.6,257.8,9
"Lagos,Nigeria",,,10/13/2020,October,26.7,84.1,17,rain,20.5,1012.5,54.7,9.9,230.2,8
"Lagos,Nigeria",,,10/14/2020,October,25.9,90.2,1,rain,19.8,1012.7,70.3,9.4,101.7,4
"Lagos,Nigeria",,,10/15/2020,October,26.3,85.9,0.8,rain,50,1013,50.6,9.6,194.8,7
"Lagos,Nigeria",,,10/16/2020,October,26.1,88.8,1,rain,21.6,1011,64.9,10.4,128.4,4
"Lagos,Nigeria",,,10/17/2020,October,25.8,87.5,0.5,rain,15.5,1012.1,50.6,8.8,213.8,8
"Lagos,Nigeria",,,10/18/2020,October,27.1,85.2,0,,16.6,1012,56.8,8.7,211.4,7
"Lagos,Nigeria",,,10/19/2020,October,26.8,85.7,2.2,rain,25.2,1013.1,50.2,11.8,220.6,7
"Lagos,Nigeria",,,10/20/2020,October,26.8,84.6,2,rain,24.1,1012.5,62.7,10.7,106.4,4
"Lagos,Nigeria",,,10/21/2020,October,27.1,86.7,1.2,rain,20.2,1012.6,57.4,10.1,167.3,6
"Lagos,Nigeria",,,10/22/2020,October,28,83.4,0.5,rain,18,1012.6,51.1,11.1,253.8,9
"Lagos,Nigeria",,,10/23/2020,October,27.9,84.8,1.1,rain,28.8,1013.1,60.7,10.7,217.4,7
"Lagos,Nigeria",,,10/24/2020,October,27.3,86.5,2,rain,25.2,1012.2,68.3,10.9,189,7
"Lagos,Nigeria",,,10/25/2020,October,26.6,86.8,29,rain,28.2,1012.1,67.8,9.1,136,6
"Lagos,Nigeria",,,10/26/2020,October,26.8,88.1,0.7,rain,16.2,1011.1,79,8.5,128.9,5
"Lagos,Nigeria",,,10/27/2020,October,27.2,86.5,0.2,rain,17.3,1010.4,77.3,10.6,114.5,4
"Lagos,Nigeria",,,10/28/2020,October,27.4,86.4,2.8,rain,18.4,1011.1,68.9,9.5,195.2,6
"Lagos,Nigeria",,,10/29/2020,October,27.4,85.8,0.5,rain,14.8,1011.8,63.8,9.7,147,6
"Lagos,Nigeria",,,10/30/2020,October,27.3,84,5,rain,17.4,1011.8,55.8,8.8,215.6,7
"Lagos,Nigeria",,,10/31/2020,October,28.2,84.1,0,,14.8,1011.8,53.5,9.9,238.4,8
"Lagos,Nigeria",,,4/1/2021,April,29.8,75.1,0,,18.4,1010.3,55,7,183.3,7
"Lagos,Nigeria",,,4/2/2021,April,29.1,79.2,2,rain,16.6,1010.8,51.3,7,175.2,7
"Lagos,Nigeria",,,4/3/2021,April,28.8,80.3,0,,17.6,1010.2,58.8,7,159.9,6
"Lagos,Nigeria",,,4/4/2021,April,29.4,79.5,0,,20.5,1010.2,49.3,7.4,205.3,7
"Lagos,Nigeria",,,4/5/2021,April,28.6,85,0,,19.8,1010.2,43.9,8.2,209.5,7
"Lagos,Nigeria",,,4/6/2021,April,29.8,81.3,0.8,rain,22.3,1009.7,67.9,9.4,133.5,5
"Lagos,Nigeria",,,4/7/2021,April,28.5,83.8,9,rain,15.1,1010.1,59.1,8.4,118.9,5
"Lagos,Nigeria",,,4/8/2021,April,30,78.8,0.5,rain,21.2,1010.5,70.9,10,167.5,6
"Lagos,Nigeria",,,4/9/2021,April,28.2,80.1,3,rain,24.1,1009.7,49.2,9.6,128.3,5
"Lagos,Nigeria",,,4/10/2021,April,28.7,80.9,0,,27.7,1008.7,55.4,9.3,137.4,5
"Lagos,Nigeria",,,4/11/2021,April,28.2,80.3,19,rain,16.6,1009.3,42.9,10,128.5,5
"Lagos,Nigeria",,,4/12/2021,April,29.4,72.4,7,rain,19.1,1010.6,47,10,142.9,5
"Lagos,Nigeria",,,4/13/2021,April,29.1,77.5,0.9,rain,22.3,1012.1,54.4,10.5,91.3,3
"Lagos,Nigeria",,,4/14/2021,April,29.6,75.7,0.1,rain,22.7,1011.1,50.5,10.1,188.1,6
"Lagos,Nigeria",,,4/15/2021,April,29.5,77.4,0,,18.4,1010.2,49.9,10,116.3,4
"Lagos,Nigeria",,,4/16/2021,April,29.1,78.5,0,,26.9,1009.1,56.7,10.1,123.1,4
"Lagos,Nigeria",,,4/17/2021,April,27.6,85,8,rain,16.7,1009.9,50.6,9.9,132.9,5
"Lagos,Nigeria",,,4/18/2021,April,25,91.5,49,rain,19.2,1011.9,58.7,8.7,110.7,4
"Lagos,Nigeria",,,4/19/2021,April,27.2,81.7,0,,17,1011.8,43.7,9.5,175.2,6
"Lagos,Nigeria",,,4/20/2021,April,28.5,79.4,1,rain,19.5,1011.2,49.7,10.5,172.4,6
"Lagos,Nigeria",,,4/21/2021,April,28.8,80.3,0,,24.9,1010.6,42.4,10.3,156.3,6
"Lagos,Nigeria",,,4/22/2021,April,27.8,84.1,4,rain,33.5,1010.9,51.9,9.5,154.1,6
"Lagos,Nigeria",,,4/23/2021,April,29.4,79.4,0.1,rain,16.9,1010.1,56.1,9.8,116.4,4
"Lagos,Nigeria",,,4/24/2021,April,29.4,80.8,0.4,rain,29.5,1010.1,57.9,10,128,5
"Lagos,Nigeria",,,4/25/2021,April,28.8,80.9,0,,16.6,1010.3,54.9,9.7,119.1,4
"Lagos,Nigeria",,,4/26/2021,April,29.5,79.1,0,,16.6,1009.9,48.6,9.8,165.1,6
"Lagos,Nigeria",,,4/27/2021,April,29.4,79.4,0,,18.4,1008.7,58.8,10,152.3,5
"Lagos,Nigeria",,,4/28/2021,April,27.8,80.8,0,,37.1,1009.9,54.9,9.7,114.7,4
"Lagos,Nigeria",,,4/29/2021,April,27.9,82.8,0,,14.8,1010.1,52.2,9,210.8,7
"Lagos,Nigeria",,,4/30/2021,April,28.9,80.4,0,,18.2,1010,58.3,9.7,188.3,7
"Lagos,Nigeria",,,5/1/2021,May,29.8,75.8,0,,20.5,1009.9,45.2,10,140.4,6
"Lagos,Nigeria",,,5/2/2021,May,30.1,77.4,0,,24.1,1009.5,46.7,10.1,120.3,4
"Lagos,Nigeria",,,5/3/2021,May,28.4,82.8,4,rain,18.4,1009.6,66.4,9.7,90.9,3
"Lagos,Nigeria",,,5/4/2021,May,27.2,82.6,0,,14.8,1010.6,61.9,9,180.2,6
"Lagos,Nigeria",,,5/5/2021,May,28.9,80.4,0.1,rain,16.1,1010.5,49.3,9.4,146.7,6
"Lagos,Nigeria",,,5/6/2021,May,26.9,82.3,0.7,rain,24.5,1012.2,58.4,10,108.2,4
"Lagos,Nigeria",,,5/7/2021,May,27.9,82.7,0,,20.5,1013.3,61.5,9.2,137,5
"Lagos,Nigeria",,,5/8/2021,May,26.7,81.4,24,rain,14.8,1013.6,58.6,8.7,153.7,6
"Lagos,Nigeria",,,5/9/2021,May,27.5,80.8,24,rain,25.9,1013.5,36.2,9.8,177.6,6
"Lagos,Nigeria",,,5/10/2021,May,28,79.3,0,,20.5,1013.2,45.9,8,275.3,9
"Lagos,Nigeria",,,5/11/2021,May,28.9,76.2,0,,20.5,1012.7,52,10,166.8,6
"Lagos,Nigeria",,,5/12/2021,May,29,78.7,0,,18.7,1012.6,62.1,10,222.7,8
"Lagos,Nigeria",,,5/13/2021,May,27.8,83.2,7,rain,29.5,1011.7,55.8,9.4,167.4,6
"Lagos,Nigeria",,,5/14/2021,May,27.7,82.5,0.2,rain,16.6,1011,47.7,8.2,146.2,5
"Lagos,Nigeria",,,5/15/2021,May,28.3,80.5,0.1,rain,22.3,1011.2,50.3,9.7,152.8,5
"Lagos,Nigeria",,,5/16/2021,May,28.4,79.3,0.1,rain,14.8,1011,51.7,9.3,136.9,5
"Lagos,Nigeria",,,5/17/2021,May,28.8,80.7,0.9,rain,15.1,1011.6,54.1,10.1,115.4,4
"Lagos,Nigeria",,,5/18/2021,May,28.4,83.2,1.5,rain,18.4,1012.5,58.8,9.7,125.7,4
"Lagos,Nigeria",,,5/19/2021,May,29.1,80.9,0,,18.7,1012.5,53.3,9.9,140.9,5
"Lagos,Nigeria",,,5/20/2021,May,28.3,80.4,0.1,rain,22.3,1012.8,56.2,9.9,184.5,6
"Lagos,Nigeria",,,5/21/2021,May,28.7,77,0.1,rain,16.7,1012.9,51.4,10.1,125.1,4
"Lagos,Nigeria",,,5/22/2021,May,25.7,88.5,16,rain,52.4,1014,67.7,9.1,116.4,4
"Lagos,Nigeria",,,5/23/2021,May,27.9,78.4,0,,22.3,1013.3,43.5,9.1,244.9,8
"Lagos,Nigeria",,,5/24/2021,May,28.7,80.5,0.1,rain,14.8,1012.5,41.6,10,216.6,7
"Lagos,Nigeria",,,5/25/2021,May,29.4,78.8,0.8,rain,27.7,1012,56.4,10.2,97.7,3
"Lagos,Nigeria",,,5/26/2021,May,28.9,83.9,0.5,rain,20.2,1012.5,63.2,10,88.7,3
"Lagos,Nigeria",,,5/27/2021,May,29.6,79.4,0.3,rain,20.5,1011.8,65.7,9.7,113.7,4
"Lagos,Nigeria",,,5/28/2021,May,29.1,78.5,0,,16.6,1011.4,50.8,10.1,127,4
"Lagos,Nigeria",,,5/29/2021,May,29,80.9,0,,20.5,1011.2,61.2,9.8,136.4,5
"Lagos,Nigeria",,,5/30/2021,May,27.8,84.6,19,rain,16.6,1010.3,54.7,8.6,152,6
"Lagos,Nigeria",,,5/31/2021,May,28.5,84.9,7,rain,16.6,1010.6,58.5,9.2,108.7,4
"Lagos,Nigeria",,,6/1/2021,June,26.4,88.8,11,rain,40.7,1011.9,57.9,8.5,173.5,6
"Lagos,Nigeria",,,6/2/2021,June,28,81.2,3,rain,17.6,1012.2,54.7,7.9,216.2,8
"Lagos,Nigeria",,,6/3/2021,June,27.8,84.7,2.2,rain,15.5,1012.2,51.7,9.6,271.9,9
"Lagos,Nigeria",,,6/4/2021,June,27.3,81.5,95,rain,35.3,1012.3,56.1,8.8,185.1,7
"Lagos,Nigeria",,,6/5/2021,June,27.2,81.6,1.7,rain,15.1,1012.5,61.2,9.2,116.4,4
"Lagos,Nigeria",,,6/6/2021,June,27.6,82.6,0,,30.5,1011.9,47.3,8.8,217.4,8
"Lagos,Nigeria",,,6/7/2021,June,28,83.2,0.3,rain,16.6,1011.5,50.9,9.1,187.4,6
"Lagos,Nigeria",,,6/8/2021,June,25.9,90.9,7,rain,11.5,1011.7,43.4,8.6,233.3,8
"Lagos,Nigeria",,,6/9/2021,June,25.2,88.9,12,rain,24.1,1012.1,57.6,5.6,98.4,3
"Lagos,Nigeria",,,6/10/2021,June,27.2,82,0.1,rain,14.8,1011.2,47.8,8.3,106.8,3
"Lagos,Nigeria",,,6/11/2021,June,26.2,88,7,rain,33.5,1011.5,50.5,8.6,108.3,3
"Lagos,Nigeria",,,6/12/2021,June,27.1,84.1,0.1,rain,16.6,1013.2,44.8,8.6,184.9,8
"Lagos,Nigeria",,,6/13/2021,June,27.2,84,0,,16.6,1013.2,54.2,9.8,212.4,7
"Lagos,Nigeria",,,6/14/2021,June,28.6,80.2,0.3,rain,16.6,1013.4,50.9,9.6,178.8,6
"Lagos,Nigeria",,,6/15/2021,June,28.7,82.9,0,,18.4,1012.8,49,9.8,163.9,5
"Lagos,Nigeria",,,6/16/2021,June,27.8,83.1,51.3,rain,23.1,1013.1,46.8,9,99.9,3
"Lagos,Nigeria",,,6/17/2021,June,27.6,83.9,2,rain,15.1,1014.5,45.6,10.5,181,6
"Lagos,Nigeria",,,6/18/2021,June,28.1,85.2,1,rain,17.1,1014.3,52.5,10.2,99.6,3
"Lagos,Nigeria",,,6/19/2021,June,27.7,85.5,2,rain,15.5,1013.7,53.7,9.1,193.9,7
"Lagos,Nigeria",,,6/20/2021,June,24.9,94.6,14,rain,18.4,1014.4,55.3,7.6,83.8,3
"Lagos,Nigeria",,,6/21/2021,June,26.2,86.8,0.2,rain,20.5,1014.7,61,9.7,74.6,2
"Lagos,Nigeria",,,6/22/2021,June,26.5,82.6,1.1,rain,55.4,1014.3,56.8,10.3,93.4,3
"Lagos,Nigeria",,,6/23/2021,June,25.5,82,3.7,rain,48.2,1016.5,84.1,10,128.1,5
"Lagos,Nigeria",,,6/24/2021,June,26.7,81.4,3.2,rain,33.5,1013.6,65.1,10,228,7
"Lagos,Nigeria",,,6/25/2021,June,27.3,81.7,8.5,rain,17.3,,82.8,,102.9,4
"Lagos,Nigeria",,,6/26/2021,June,27.1,85.1,7.3,rain,20.2,,85.9,,99.1,3
"Lagos,Nigeria",,,6/27/2021,June,27.3,80.7,4.5,rain,21.6,,74.9,,150,6
"Lagos,Nigeria",,,6/28/2021,June,26.5,81,8.4,rain,57.6,1017.5,67.5,11.6,170.8,6
"Lagos,Nigeria",,,6/29/2021,June,25.7,82,11.3,rain,57.6,1017.8,68,12,110.4,4
"Lagos,Nigeria",,,6/30/2021,June,27.2,78.3,8.8,rain,31.7,1015.2,66.6,9.9,194.1,7
"Lagos,Nigeria",,,7/31/2021,July,27.7,77.1,0,,22.3,1015.2,57.4,9.5,264.9,9
"Lagos,Nigeria",,,8/1/2021,August,27.1,81,0,,33.8,1016.8,54.3,9.6,214.5,7
"Lagos,Nigeria",,,8/2/2021,August,26.5,84.7,0,,16.6,1016,45,9.6,155.5,5
"Lagos,Nigeria",,,8/3/2021,August,26.5,83.9,0,,29.5,1014.7,60.9,9.3,165.2,5
"Lagos,Nigeria",,,8/4/2021,August,26.5,84.3,0.1,rain,24.1,1015.1,67.1,8.8,228.8,8
"Lagos,Nigeria",,,8/5/2021,August,25.8,88.8,38,rain,22.3,1017,51.6,8.7,76.7,3
"Lagos,Nigeria",,,8/6/2021,August,26.6,85.1,0.2,rain,24.8,1016.3,55.2,9.1,201.3,7
"Lagos,Nigeria",,,8/7/2021,August,25.7,90.4,4,rain,24.5,1015.4,51.9,8.4,114.4,4
"Lagos,Nigeria",,,8/8/2021,August,24.8,91.4,3,rain,27.7,1015.3,61.1,8.4,132.7,5
"Lagos,Nigeria",,,8/9/2021,August,26.6,84.1,1,rain,27.7,1015.9,54.7,9.6,215.9,7
"Lagos,Nigeria",,,8/10/2021,August,26.2,85.9,0,,24.1,1015.5,60.7,8.8,144.8,5
"Lagos,Nigeria",,,8/11/2021,August,26,84.4,0,,33.5,1014.1,56.7,10,183.2,6
"Lagos,Nigeria",,,8/12/2021,August,26.5,85.5,1,rain,25.9,1014.5,67.5,10,186,6
"Lagos,Nigeria",,,8/13/2021,August,26.1,84,0.1,rain,55.4,1015.1,74.1,9,226.4,8
"Lagos,Nigeria",,,8/14/2021,August,26.5,82.2,0,,27.7,1014,54.7,9.8,250.4,9
"Lagos,Nigeria",,,8/15/2021,August,26.6,80.3,0,,24.1,1013.1,51,9.8,252.8,8
"Lagos,Nigeria",,,8/16/2021,August,27,77.5,0,,25.9,1013.6,49.3,9.7,236.7,8
"Lagos,Nigeria",,,8/17/2021,August,26.5,84.4,0.2,rain,20.5,1015,57,10,198.9,7
"Lagos,Nigeria",,,8/18/2021,August,26.3,83.3,0.3,rain,19.1,1015.3,54.5,9.6,166.1,7
"Lagos,Nigeria",,,8/19/2021,August,26.7,82.4,0.5,rain,22,1013.5,55.2,9.8,109.1,4
"Lagos,Nigeria",,,8/20/2021,August,25.9,86,0,,22.3,1012.4,53.7,9.9,156.7,6
"Lagos,Nigeria",,,8/21/2021,August,25.1,91.6,7,rain,18.4,1013,66.6,8.4,90.6,3
"Lagos,Nigeria",,,8/22/2021,August,25.7,89.3,2,rain,18.4,1012.8,60.8,8.3,122.5,4
"Lagos,Nigeria",,,8/23/2021,August,26.4,86.4,2,rain,22.3,1011.6,59.8,8.7,194.1,7
"Lagos,Nigeria",,,8/24/2021,August,26.8,85.9,1.6,rain,22.3,1010.9,71.1,9.9,202.8,6
"Lagos,Nigeria",,,8/25/2021,August,26.9,83,6,rain,25.9,1011.1,59.5,9.9,189.5,6
"Lagos,Nigeria",,,8/26/2021,August,26.6,83.9,3,rain,18.4,1012.7,56.5,9.6,130.1,5
"Lagos,Nigeria",,,8/27/2021,August,26.4,87.5,0,,25.9,1013.7,63,9.8,142.7,5
"Lagos,Nigeria",,,8/28/2021,August,26.2,86.5,4,rain,20.5,1013.7,59.2,9.7,200.5,7
"Lagos,Nigeria",,,8/29/2021,August,26.4,87.5,2.8,rain,22.3,1011.5,74,9.8,179.1,5
"Lagos,Nigeria",,,8/30/2021,August,26.8,85.9,4,rain,27.7,1011.6,60.8,9.8,119.4,4
"Lagos,Nigeria",,,8/31/2021,August,26.7,87.5,4,rain,14.8,1012.2,60.6,9.5,202.1,7
"Lagos,Nigeria",,,9/1/2021,September,26.9,87.4,1.4,rain,24.1,1011.6,67,9.2,106.3,4
"Lagos,Nigeria",,,9/2/2021,September,24.8,90.8,88,rain,23,1012.5,84.5,7.4,166.9,7
"Lagos,Nigeria",,,9/3/2021,September,24.3,92.9,75,rain,23,1013.5,52,7.3,169.6,7
"Lagos,Nigeria",,,9/4/2021,September,25.2,89.7,0,,20.5,1013,55.4,8.2,175.3,6
"Lagos,Nigeria",,,9/5/2021,September,26.2,86.8,4,rain,18.4,1013.4,61.7,8.2,174.8,7
"Lagos,Nigeria",,,9/6/2021,September,25.8,91.6,0.2,rain,20.5,1013.5,58.3,8.7,167.6,7
"Lagos,Nigeria",,,9/7/2021,September,26.1,89.6,31,rain,37.1,1013.5,62.5,8.9,174.2,6
"Lagos,Nigeria",,,9/8/2021,September,26.9,84.6,0.5,rain,24.1,1012.8,64.9,9.8,147.5,5
"Lagos,Nigeria",,,9/9/2021,September,27.2,84.9,0.5,rain,25.9,1013,62.4,9.5,163,6
"Lagos,Nigeria",,,9/10/2021,September,26.9,86.7,9.9,rain,18.4,1014,72.5,10.7,116.5,4
"Lagos,Nigeria",,,9/11/2021,September,26.4,87.3,1,rain,17.6,1014.8,47.6,9.5,117.5,4
"Lagos,Nigeria",,,9/12/2021,September,27.1,85.3,0,,22.3,1013.7,47.4,9.9,183.7,8
"Lagos,Nigeria",,,9/13/2021,September,24.7,91,45,rain,23,1012.9,53.2,8.9,131.4,5
"Lagos,Nigeria",,,9/14/2021,September,26.1,81.6,0,,22.3,1012.7,52.4,10,281.8,9
"Lagos,Nigeria",,,9/15/2021,September,26.2,83.5,0.1,rain,18.4,1014.2,61.9,9.6,226.9,8
"Lagos,Nigeria",,,9/16/2021,September,27,84.3,2,rain,18.4,1014.7,49.7,9.8,164.8,6
"Lagos,Nigeria",,,9/17/2021,September,27,86.6,0.6,rain,20.5,1013.8,62.4,9.5,103.4,3
"Lagos,Nigeria",,,9/18/2021,September,26.8,89,1,rain,18.4,1013,57.5,10.4,147.5,5
"Lagos,Nigeria",,,9/19/2021,September,27.7,82.5,0,,20.5,1013,52.3,10,168.3,6
"Lagos,Nigeria",,,9/20/2021,September,26.7,86,0.9,rain,16.6,1012.7,54.8,9.7,119.8,5
"Lagos,Nigeria",,,9/21/2021,September,26.8,86.1,2,rain,29.5,1012.6,59.1,9.5,173.5,7
"Lagos,Nigeria",,,9/22/2021,September,25.7,90,4,rain,38.9,1013.1,68.7,9.6,121.7,4
"Lagos,Nigeria",,,9/23/2021,September,26.3,85.7,21,rain,38.9,1013.1,48.8,9.5,230.3,8
"Lagos,Nigeria",,,9/24/2021,September,26.9,87.3,1,rain,22.3,1013.4,57,9.8,120.3,5
"Lagos,Nigeria",,,9/25/2021,September,25.6,88.1,81,rain,17.5,1013.7,55,9.9,118.7,4
"Lagos,Nigeria",,,9/26/2021,September,26.7,81.7,1,rain,18.4,1013.3,45.2,8.5,230.9,8
"Lagos,Nigeria",,,9/27/2021,September,27.1,83.9,0.6,rain,27.7,1012.7,52.1,9.8,263.6,9
"Lagos,Nigeria",,,9/28/2021,September,26.5,84.9,1.4,rain,37.1,1013,44.1,10.3,267.8,9
"Lagos,Nigeria",,,9/29/2021,September,27.3,82.8,0,,29.5,1012,56.2,9.6,234.4,8
"Lagos,Nigeria",,,9/30/2021,September,26.3,89.8,4,rain,16.6,1012.5,54.3,8.8,110.4,3
"Lagos,Nigeria",,,10/1/2021,October,26.5,89.9,3,rain,14.8,1013.4,56.4,9.6,103.3,4
"Lagos,Nigeria",,,10/2/2021,October,27.3,86.4,0,,24.1,1012.1,56.8,9.6,126.4,5
"Lagos,Nigeria",,,10/3/2021,October,27.2,87.7,1,rain,18.7,1012.7,62,9.8,129.6,4
"Lagos,Nigeria",,,10/4/2021,October,25.8,81.1,3,rain,55.4,1017.6,55.7,13.3,222.4,8
"Lagos,Nigeria",,,10/5/2021,October,27.6,84.1,0,,18.4,1011.9,57.5,9.7,177.3,6
"Lagos,Nigeria",,,10/6/2021,October,26.8,88.7,1,rain,18.4,1012.4,54.4,9.3,87.9,3
"Lagos,Nigeria",,,10/7/2021,October,26.8,85.4,0,,16.6,1011.8,56.3,9.6,206.9,7
"Lagos,Nigeria",,,10/8/2021,October,27.4,84.7,0,,16.6,1010.4,53.3,9.7,277.5,10
"Lagos,Nigeria",,,10/9/2021,October,26.7,91.3,30,rain,22.3,1011.4,65.2,9.7,91.3,3
"Lagos,Nigeria",,,10/10/2021,October,27.3,86.6,5,rain,18.4,1012.3,62.3,9.2,118.7,4
"Lagos,Nigeria",,,10/11/2021,October,27.7,85.8,2,rain,16.6,1012.6,58.2,9.8,185.7,7
"Lagos,Nigeria",,,10/12/2021,October,27.2,87.6,17,rain,27.7,1011.5,43.8,8.9,79.4,3
"Lagos,Nigeria",,,10/13/2021,October,28.3,79.9,0.3,rain,18.4,1011.4,48.7,9.7,176.7,6
"Lagos,Nigeria",,,10/14/2021,October,28.2,82.4,0,,22.3,1011.7,54.4,9.7,115.8,4
"Lagos,Nigeria",,,10/15/2021,October,26.8,88.7,11,rain,16.6,1011.4,47.6,9.7,261.6,9
"Lagos,Nigeria",,,10/16/2021,October,26.9,86.3,26,rain,20.5,1011.2,60,9.5,219.3,8
"Lagos,Nigeria",,,10/17/2021,October,27,86.1,1.2,rain,21.6,1010.6,56.7,10.5,118.3,4
"Lagos,Nigeria",,,10/18/2021,October,26.1,88.6,22,rain,17.5,1012,62.8,7.5,109.3,3
"Lagos,Nigeria",,,10/19/2021,October,26.8,86.6,2,rain,21.2,1012.6,56.3,9.4,189.6,7
"Lagos,Nigeria",,,10/20/2021,October,27.5,85.5,0,,14.1,1012.8,61.5,9,121.1,4
"Lagos,Nigeria",,,10/21/2021,October,27.2,86.8,0.2,rain,14.8,1012.5,55.8,9,158.6,6
"Lagos,Nigeria",,,10/22/2021,October,26.4,89.9,7,rain,14.8,1012.1,60.2,8.3,153.2,6
"Lagos,Nigeria",,,10/23/2021,October,26,88.3,20,rain,19.1,1013.6,61.7,8.8,139.7,5
"Lagos,Nigeria",,,10/24/2021,October,27.5,83.7,0,,16.6,1013.9,49.8,8.5,227.9,8
"Lagos,Nigeria",,,10/25/2021,October,27.5,84.7,2,rain,18.7,1012.9,56.6,10.4,158.6,5
"Lagos,Nigeria",,,10/26/2021,October,27.7,81.1,4,rain,33.5,1013.4,50.1,9,116.6,4
"Lagos,Nigeria",,,10/27/2021,October,28,80.3,0.1,rain,18.4,1012.6,51,9.2,179.9,6
"Lagos,Nigeria",,,10/28/2021,October,27.7,84.7,5,rain,14.8,1012.2,55.9,9.1,120.8,5
"Lagos,Nigeria",,,10/29/2021,October,27.8,85.5,0,,16.6,1011.1,52.7,9.4,188.8,6
"Lagos,Nigeria",,,10/30/2021,October,27.9,84.1,3,rain,33.5,1011.8,55.6,9.5,102.5,4
"Lagos,Nigeria",,,10/31/2021,October,27.9,84.5,1,rain,25.9,1012.8,58.4,9.9,117.4,4
"Lagos,Nigeria",,,4/1/2022,April,30.5,76,0,rain,59.4,1009.5,41.9,9.4,272.4,9
"Lagos,Nigeria",,,4/2/2022,April,28.5,78.8,35,rain,22.3,1010,50.5,9,274.6,10
"Lagos,Nigeria",,,4/3/2022,April,29.6,78,0,rain,24.1,1010,54.6,9.7,296.5,10
"Lagos,Nigeria",,,4/4/2022,April,29.5,80.2,0,rain,22.3,1010.5,55.3,10.1,294.3,10
"Lagos,Nigeria",,,4/5/2022,April,30.1,78.5,0.1,rain,24.1,1010.3,59.8,13,282.5,10
"Lagos,Nigeria",,,4/6/2022,April,28.6,82.3,9,rain,25.9,1010,53.3,11.3,255,9
"Lagos,Nigeria",,,4/7/2022,April,29.2,79.1,0,rain,22.3,1010.2,46,10.7,283.5,10
"Lagos,Nigeria",,,4/8/2022,April,28.1,79.5,5,rain,64.8,1010.4,38.4,9.7,298.1,10
"Lagos,Nigeria",,,4/9/2022,April,27.1,84.5,0,rain,29.4,1010.3,55.2,10.2,181,8
"Lagos,Nigeria",,,4/10/2022,April,28.4,81.7,0,,14.8,1008.8,53.4,9.8,200,9
"Lagos,Nigeria",,,4/11/2022,April,29.4,78.6,0,,16.6,1009,46.7,9.9,260.2,10
"Lagos,Nigeria",,,4/12/2022,April,28,81.9,6,rain,33.5,1009.2,56.4,9.4,155.2,9
"Lagos,Nigeria",,,4/13/2022,April,27.4,83.7,0,rain,18.4,1009.2,50.1,8.4,255,9
"Lagos,Nigeria",,,4/14/2022,April,28.6,81.6,0.6,rain,22.4,1009.8,52.1,10,280.5,10
"Lagos,Nigeria",,,4/15/2022,April,28.9,79.6,0,rain,19.4,1010.1,63.4,11.8,275.1,10
"Lagos,Nigeria",,,4/16/2022,April,28.3,80.1,7,rain,18,1010.2,63.9,13.5,168.2,6
"Lagos,Nigeria",,,4/17/2022,April,28.9,83.4,0,rain,29.5,1009.4,53.3,9.9,285.9,10
"Lagos,Nigeria",,,4/18/2022,April,25.7,86.3,36,rain,27.7,1010.7,49.6,8.7,111.4,6
"Lagos,Nigeria",,,4/19/2022,April,28.1,81.6,0,,16.6,1011.5,53.9,9.1,153.1,8
"Lagos,Nigeria",,,4/20/2022,April,29,82.9,2.1,rain,29.2,1010.6,51.2,9.4,288.3,10
"Lagos,Nigeria",,,4/21/2022,April,26.6,83.8,20,rain,24.1,1010.8,54,10,199.5,7
"Lagos,Nigeria",,,4/22/2022,April,28.3,81.5,0,,18.4,1010.3,46.8,9.2,295.4,10
"Lagos,Nigeria",,,4/23/2022,April,29,80.7,0,rain,20.5,1009.9,43.2,10,286.9,10
"Lagos,Nigeria",,,4/24/2022,April,25.7,91,28,rain,46.4,1010,62,9.6,191.3,9
"Lagos,Nigeria",,,4/25/2022,April,27.7,81.8,0,,24.8,1009.5,51.1,10.5,298.6,10
"Lagos,Nigeria",,,4/26/2022,April,28.4,77.2,0,,38.9,1009.7,42.6,9.7,200.7,8
"Lagos,Nigeria",,,4/27/2022,April,28.6,79.4,0.1,rain,33.5,1010.1,68.4,10.5,248.3,9
"Lagos,Nigeria",,,4/28/2022,April,26.5,84.4,24,rain,18.4,1011,53.8,7.5,129.5,6
"Lagos,Nigeria",,,4/29/2022,April,28,77.1,0,,20.5,1010.9,51.4,10.4,277.7,10
"Lagos,Nigeria",,,4/30/2022,April,27.5,79.7,0,,16.6,1012.4,38.8,10,262.9,9
"Lagos,Nigeria",,,5/1/2022,May,29,82,0,,19.8,1012.8,59.9,10.6,272.8,10
"Lagos,Nigeria",,,5/2/2022,May,28.3,82.8,0,rain,18.4,1012.4,57.4,9.8,269.4,9
"Lagos,Nigeria",,,5/3/2022,May,28.5,82.2,0,,22.3,1011,48.3,9.4,276.4,10
"Lagos,Nigeria",,,5/4/2022,May,27.1,83.1,13,rain,22.3,1011.6,52.3,11.6,276.5,10
"Lagos,Nigeria",,,5/5/2022,May,27.6,81.6,0,rain,22.3,1011.9,46.7,10.2,292,10
"Lagos,Nigeria",,,5/6/2022,May,25.4,89.4,48,rain,20.5,1011.9,58.5,10.3,33,1
"Lagos,Nigeria",,,5/7/2022,May,27.3,83.3,0,,24.1,1011.7,44.3,7.7,123.3,4
"Lagos,Nigeria",,,5/8/2022,May,28.4,83.1,0,,25.9,1010.6,41.4,8.2,288.1,9
"Lagos,Nigeria",,,5/9/2022,May,28.4,80.5,0.1,rain,32,1010.7,44.9,14.6,291.7,9
"Lagos,Nigeria",,,5/10/2022,May,27.8,83.7,1,rain,20.5,1011.8,59.1,10,202.4,9
"Lagos,Nigeria",,,5/11/2022,May,29.2,82.8,0,,19.4,1011.6,47.5,9.8,293,9
"Lagos,Nigeria",,,5/12/2022,May,28,85,9,rain,22.3,1012.3,50.9,10.1,268.5,9
"Lagos,Nigeria",,,5/13/2022,May,29.1,80.7,0,rain,16.6,1012.3,57.3,10,253,9
"Lagos,Nigeria",,,5/14/2022,May,27.8,81.4,0.9,rain,27.7,1012.3,55.4,11.4,278.4,9
"Lagos,Nigeria",,,5/15/2022,May,29.1,82.3,0,rain,18.4,1012.6,47.2,9.2,284.9,9
"Lagos,Nigeria",,,5/16/2022,May,28.6,82,3.9,rain,23.8,1012.2,60.6,15.5,282.9,9
"Lagos,Nigeria",,,5/17/2022,May,27.5,82.8,6,rain,27.7,1011.9,66.2,13.4,266.7,9
"Lagos,Nigeria",,,5/18/2022,May,28,82.8,0,rain,22.3,1010.9,56.6,9.1,274.8,9
"Lagos,Nigeria",,,5/19/2022,May,27.6,83.6,1,rain,24.1,1011.5,67.5,14.1,260,9
"Lagos,Nigeria",,,5/20/2022,May,28.2,82.1,0.6,rain,18.4,1012.5,72.8,13.2,227,9
"Lagos,Nigeria",,,5/21/2022,May,26.4,90.8,22,rain,20.5,1013.7,56.7,7.7,145,8
"Lagos,Nigeria",,,5/22/2022,May,26.3,87.8,1,rain,13,1014.3,48.1,8.3,205,9
"Lagos,Nigeria",,,5/23/2022,May,26.8,85.6,2.5,rain,33.5,1013,53.4,9.3,115.3,6
"Lagos,Nigeria",,,5/24/2022,May,26.5,84.5,0,rain,18.2,1013.8,53.8,8.7,145,6
"Lagos,Nigeria",,,5/25/2022,May,27.5,84.8,0,,18.4,1015.4,53.9,9.5,156.4,9
"Lagos,Nigeria",,,5/26/2022,May,27.2,85.9,0,rain,22.3,1015.8,57.4,9.8,238,8
"Lagos,Nigeria",,,5/27/2022,May,26.7,85.6,0.1,rain,20.5,1015.3,49,10,238.8,9
"Lagos,Nigeria",,,5/28/2022,May,28.8,78.6,0,rain,18.4,1013.4,54.2,9.7,222.2,7
"Lagos,Nigeria",,,5/29/2022,May,29.1,75.3,0,rain,20.5,1012.1,61.5,14.7,284.6,9
"Lagos,Nigeria",,,5/30/2022,May,28.9,81.3,0,rain,20.5,1012.1,58.3,9.9,286.1,9
"Lagos,Nigeria",,,5/31/2022,May,27.6,83.2,3,rain,21.2,1011.9,70.9,14.7,235.6,8
"Lagos,Nigeria",,,6/1/2022,June,28.3,80.1,1,rain,19.8,1011.1,63.1,12.1,260.2,9
"Lagos,Nigeria",,,6/2/2022,June,28.7,80.7,0,rain,25.9,1009.9,47.6,9.8,284.3,9
"Lagos,Nigeria",,,6/3/2022,June,26.5,86.9,6,rain,18.4,1009.9,65,14.2,269.6,9
"Lagos,Nigeria",,,6/4/2022,June,26.9,83.9,0,rain,24.1,1011.4,49.5,7.2,257.4,9
"Lagos,Nigeria",,,6/5/2022,June,26.9,77.5,5,rain,33.5,1012.1,56.1,10.3,151.7,6
"Lagos,Nigeria",,,6/6/2022,June,27.5,79,3,rain,14.8,1013,54.2,9.3,191.3,9
"Lagos,Nigeria",,,6/7/2022,June,28.1,79.2,0,rain,20.5,1013.1,42.4,9.6,265,9
"Lagos,Nigeria",,,6/8/2022,June,28.6,81.1,0,rain,18.4,1012.6,55.6,9.4,259,9
"Lagos,Nigeria",,,6/9/2022,June,28.5,80.6,0.2,rain,22.3,1011.7,53.7,12.1,279.8,9
"Lagos,Nigeria",,,6/10/2022,June,26.9,84.7,18,rain,59.4,1012,55.7,8.8,242,8
"Lagos,Nigeria",,,6/11/2022,June,25.6,88.4,4,rain,42.5,1013.8,45.2,9.8,167.9,8
"Lagos,Nigeria",,,6/12/2022,June,27.3,81.9,0,rain,20.5,1013.8,47,10,273.4,9
"Lagos,Nigeria",,,6/13/2022,June,27.9,81.1,0,rain,27.4,1012.8,44.5,11.3,245.6,9
"Lagos,Nigeria",,,6/14/2022,June,28.4,80.9,0,rain,22.3,1011.4,62.5,9.7,259.3,9
"Lagos,Nigeria",,,6/15/2022,June,26.2,89.2,2,rain,20.5,1012.1,64.9,9.1,74,4
"Lagos,Nigeria",,,6/16/2022,June,25.3,89.9,4,rain,18.4,1012.7,54.3,10,161.1,7
"Lagos,Nigeria",,,6/17/2022,June,24.8,92.3,0,rain,22.3,1013.2,47.3,8.6,120,6
"Lagos,Nigeria",,,6/18/2022,June,25.1,91.7,106,rain,13,1014.2,52.5,8.5,121.5,8
"Lagos,Nigeria",,,6/19/2022,June,25.8,86.3,0.1,rain,14.8,1014.3,52.9,10.5,213.5,9
"Lagos,Nigeria",,,6/20/2022,June,27.9,79.2,0.5,rain,14.8,1014.2,43.8,9.9,272.8,9
"Lagos,Nigeria",,,6/21/2022,June,26.5,85.8,3,rain,20.5,1013.5,66.2,9.2,279.2,9
"Lagos,Nigeria",,,6/22/2022,June,26.2,81.6,5,rain,18.4,1013.1,44.8,10,17,1
"Lagos,Nigeria",,,6/23/2022,June,27.2,83.8,0,rain,18.3,1013,51.4,9.8,272.1,9
"Lagos,Nigeria",,,6/24/2022,June,25.1,90.8,73,rain,33.5,1012.3,67.9,10.5,200.7,9
"Lagos,Nigeria",,,6/25/2022,June,26,83.7,0.2,rain,21.2,1012.6,56.8,8,241.5,8
"Lagos,Nigeria",,,6/26/2022,June,26,87.3,0.5,rain,13,1013.4,49.7,8.9,219.3,8
"Lagos,Nigeria",,,6/27/2022,June,26.9,86.1,0,rain,18.4,1013.4,61,10.2,154.9,7
"Lagos,Nigeria",,,6/28/2022,June,27.8,83.9,2,rain,22.3,1013.1,57.1,12.6,251.4,9
"Lagos,Nigeria",,,6/29/2022,June,26.8,90.8,0,rain,18.4,1013.6,69.5,9.3,208.1,9
"Lagos,Nigeria",,,6/30/2022,June,25.2,94,52,rain,25.2,1012.9,80.3,6.7,136.8,7
"Lagos,Nigeria",,,7/1/2022,July,25.9,88.1,15,rain,22.3,1013.2,55.5,8.8,262.5,9
"Lagos,Nigeria",,,7/2/2022,July,26.7,84.5,1,rain,23.8,1014.7,54.7,10.6,196.1,8
"Lagos,Nigeria",,,7/3/2022,July,26.8,84.3,0,rain,22.3,1015.6,52.4,8.9,272.4,9
"Lagos,Nigeria",,,7/4/2022,July,25.9,88.4,8,rain,24.1,1014.4,57.6,8.9,237.6,9
"Lagos,Nigeria",,,7/5/2022,July,25.5,90.6,33,rain,11.2,1015,57.2,7.3,175.1,9
"Lagos,Nigeria",,,7/6/2022,July,26.7,85.8,0,rain,20.5,1014.6,52.9,8.5,278.2,9
"Lagos,Nigeria",,,7/7/2022,July,26.9,84.9,4,rain,27.7,1014.3,58.3,10,221.8,9
"Lagos,Nigeria",,,7/8/2022,July,24.2,94.2,65,rain,27.2,1014.8,61.8,7.1,144.9,9
"Lagos,Nigeria",,,7/9/2022,July,24.3,96,70,rain,25.9,1015.2,64.4,5.2,24.8,1
"Lagos,Nigeria",,,7/10/2022,July,26.2,88.1,4,rain,21.7,1014.1,65.9,8.1,217,8
"Lagos,Nigeria",,,7/11/2022,July,25.6,90,0.2,rain,44.6,1013,64.7,9.4,232.3,8
"Lagos,Nigeria",,,7/12/2022,July,24.2,98,17,rain,14.8,1014.8,54.7,5.6,87.7,4
"Lagos,Nigeria",,,7/13/2022,July,25.1,90,10,rain,18.4,1015.2,56.1,8.9,202.7,8
"Lagos,Nigeria",,,7/14/2022,July,25.9,85.4,0.1,rain,25.9,1013.9,62.9,12.4,107,4
"Lagos,Nigeria",,,7/15/2022,July,26.6,83,0.1,rain,23.5,1013.1,55.7,10.9,260.7,9
"Lagos,Nigeria",,,7/16/2022,July,26.1,83.3,1.7,rain,37.1,1013.9,65.6,11.4,224.2,8
"Lagos,Nigeria",,,7/17/2022,July,26.4,82.7,0,rain,20.5,1015.1,66.2,11.4,234.5,9
"Lagos,Nigeria",,,7/18/2022,July,25.2,79.6,0.6,rain,29.5,1015.3,49.9,15.5,282.2,9
"Lagos,Nigeria",,,7/19/2022,July,23.9,74.7,0.1,rain,26.6,1014.9,81.9,19.4,171.8,8
"Lagos,Nigeria",,,7/20/2022,July,23.9,73.8,0.1,rain,48.2,1015.4,72.9,18.6,118.6,3
"Lagos,Nigeria",,,7/21/2022,July,23.7,75.8,0,,66.6,1014.4,85.9,18.9,212.5,9
"Lagos,Nigeria",,,7/22/2022,July,24.1,80.5,0.1,rain,37.1,1013.4,89.9,18,244.8,8
"Lagos,Nigeria",,,7/23/2022,July,24.9,79.2,5.8,rain,35.3,1013.1,96.2,17.5,207.1,9
"Lagos,Nigeria",,,7/24/2022,July,24.6,84,19,rain,27.7,1013.8,87.9,14.2,183.8,8
"Lagos,Nigeria",,,7/25/2022,July,25.8,81.8,162,rain,32,1013.6,94.5,15.9,187.4,8
"Lagos,Nigeria",,,7/26/2022,July,25.9,84.8,2.2,rain,29.2,1012.7,91.1,17.3,156.7,8
"Lagos,Nigeria",,,7/27/2022,July,25.3,86,10.4,rain,27.7,1012.5,94.9,14.3,115.5,7
"Lagos,Nigeria",,,7/28/2022,July,25.5,82.5,6.6,rain,33.5,1013.3,89,17.1,46.9,2
"Lagos,Nigeria",,,7/29/2022,July,26,78.1,0.7,rain,32.4,1014.3,88.5,18.6,214.6,8
"Lagos,Nigeria",,,7/30/2022,July,26.1,77.6,0.1,rain,29.2,1014.5,84.4,19.7,215.3,7
"Lagos,Nigeria",,,7/31/2022,July,25.6,81.5,0.8,rain,33.5,1014.1,92.6,18.8,204.7,8
"Lagos,Nigeria",,,8/1/2022,August,25,84.7,3.9,rain,36.7,1014.1,70.8,15.2,245,9
"Lagos,Nigeria",,,8/2/2022,August,24.9,78.5,0.3,rain,24.5,1014.7,80,15.7,184.1,8
"Lagos,Nigeria",,,8/3/2022,August,25.6,77.6,0,rain,18.7,1014,47.8,9.8,200.6,9
"Lagos,Nigeria",,,8/4/2022,August,26,77.7,0,rain,18.4,1013.8,60.2,9.4,140.8,6
"Lagos,Nigeria",,,8/5/2022,August,26,80.7,0.1,rain,18.7,1014.5,54,11.5,242.8,10
"Lagos,Nigeria",,,8/6/2022,August,25.5,82,0,,25.9,1014.8,53.6,10.4,288.5,9
"Lagos,Nigeria",,,8/7/2022,August,25.7,80,0,,19.4,1013.3,58.1,10.6,277.5,9
"Lagos,Nigeria",,,8/8/2022,August,25.9,80.6,0,rain,19,1013.2,56.1,9.7,155.2,7
"Lagos,Nigeria",,,8/9/2022,August,25.8,82.7,0,rain,23.4,1013.6,59.8,10.7,264.7,9
"Lagos,Nigeria",,,8/10/2022,August,25.9,83.2,0,rain,26.9,1013.9,51.5,9.8,287,9
"Lagos,Nigeria",,,8/11/2022,August,26.4,79.3,0,rain,29.5,1013.6,47.7,10.1,241.9,9
"Lagos,Nigeria",,,8/12/2022,August,25,85.2,0,rain,27.7,1013.5,58.7,9.9,221.3,9
"Lagos,Nigeria",,,8/13/2022,August,26,82.9,0,rain,24.6,1013.8,72,10.1,251.8,9
"Lagos,Nigeria",,,8/14/2022,August,25.9,83.6,0,rain,31.7,1012.3,85.1,9.5,78.3,5
"Lagos,Nigeria",,,8/15/2022,August,24.9,89,5,rain,29.5,1012.2,74.8,8.4,69,3
"Lagos,Nigeria",,,8/16/2022,August,24.6,87.5,5,rain,22.3,1013.9,79.3,9.4,267.5,10
"Lagos,Nigeria",,,8/17/2022,August,25,85.1,0,rain,12.9,1013.9,56.6,8.7,281.5,10
"Lagos,Nigeria",,,8/18/2022,August,26,80.5,0,,22.7,1013.2,57.2,9.4,243.8,9
"Lagos,Nigeria",,,8/19/2022,August,25.4,87,9,rain,63.6,1013.5,76.4,8.7,158.5,8
"Lagos,Nigeria",,,8/20/2022,August,25.6,85.4,3,rain,24.1,1014.9,59.3,10.2,273.5,9
"Lagos,Nigeria",,,8/21/2022,August,25.7,82.1,0,,17.2,1014.5,54.6,9.5,290.3,10
"Lagos,Nigeria",,,8/22/2022,August,25.4,86.2,0,rain,27,1012.3,64,10.5,266.2,9
"Lagos,Nigeria",,,8/23/2022,August,25.9,84.5,14,rain,36.4,1012.7,72.1,10.3,178.7,9
"Lagos,Nigeria",,,8/24/2022,August,26.3,79.7,0,rain,21.6,1015.3,57.5,10.8,246,9
"Lagos,Nigeria",,,8/25/2022,August,26.5,80.4,0,,18.4,1014.6,48.5,9,195.7,9
"Lagos,Nigeria",,,8/26/2022,August,25.8,83,0,rain,31.7,1012.9,64.7,9.8,25.3,1
"Lagos,Nigeria",,,8/27/2022,August,25.2,88.1,22,rain,27.7,1011.8,76.9,9.4,238.6,9
"Lagos,Nigeria",,,8/28/2022,August,25.6,83.8,1,rain,20.5,1013.6,63.2,9.9,259,10
"Lagos,Nigeria",,,8/29/2022,August,25.5,85,0,,16.6,1013.6,62.9,11.1,212.6,9
"Lagos,Nigeria",,,8/30/2022,August,25.2,90.5,13,rain,25.9,1012.5,67.8,9.1,157.9,7
"Lagos,Nigeria",,,8/31/2022,August,25.7,88.3,1,rain,25.9,1013.2,76.7,8.8,285.3,10
"Lagos,Nigeria",,,9/1/2022,September,25.3,88.9,2,rain,16.6,1014.2,58.6,9.7,275.6,10
"Lagos,Nigeria",,,9/2/2022,September,25.9,85.7,0,rain,16.6,1015.3,60.5,10.2,243.6,9
"Lagos,Nigeria",,,9/3/2022,September,26.8,84.3,4,rain,22.3,1014.9,68.9,10,273.5,9
"Lagos,Nigeria",,,9/4/2022,September,24.9,92,13,rain,21.6,1015.4,64,9.5,287.8,10
"Lagos,Nigeria",,,9/5/2022,September,26.2,86.8,6,rain,22.3,1015.2,61.3,9.9,251,9
"Lagos,Nigeria",,,9/6/2022,September,25.7,86,0,rain,18.4,1014.9,54.4,9.8,274.6,9
"Lagos,Nigeria",,,9/7/2022,September,26,84.8,0,rain,18.4,1013.8,64.4,10.3,282.7,9
"Lagos,Nigeria",,,9/8/2022,September,25.6,90.3,14,rain,25.6,1012.9,69.3,8.6,283.5,10
"Lagos,Nigeria",,,9/9/2022,September,26,86.5,2,rain,23.8,1013.5,59.5,9.5,269,9
"Lagos,Nigeria",,,9/10/2022,September,25.3,85.2,0.5,rain,30.6,1014.4,62.5,18.2,260.1,10
"Lagos,Nigeria",,,9/11/2022,September,25.9,84,12.9,rain,19.8,1013.1,95.9,18.5,34.5,1
"Lagos,Nigeria",,,9/12/2022,September,25.2,88.1,2,rain,29.2,1012.6,75.5,13.1,235.3,9
"Lagos,Nigeria",,,9/13/2022,September,26,86.9,2.9,rain,14.8,1013.1,67.6,9.7,265.7,9
"Lagos,Nigeria",,,9/14/2022,September,26.1,87.9,0.1,rain,22.3,1012.5,55.9,9,269.9,10
"Lagos,Nigeria",,,9/15/2022,September,25.5,90.3,3,rain,29.2,1013.3,68.9,10,259.4,8
"Lagos,Nigeria",,,9/16/2022,September,26.4,83.1,0.5,rain,23.4,1013.9,65.9,13.5,289.5,10
"Lagos,Nigeria",,,9/17/2022,September,26.6,85.2,0,rain,21.6,1012.8,61.4,10.9,203.9,8
"Lagos,Nigeria",,,9/18/2022,September,26.5,84.3,2,rain,29.2,1012.1,68.6,13.9,277.2,10
"Lagos,Nigeria",,,9/19/2022,September,25.2,91.8,59,rain,30.6,1012.2,86.6,11.3,184.5,9
"Lagos,Nigeria",,,9/20/2022,September,26.1,86,4.1,rain,24.1,1012.9,62.4,9.7,285.9,10
"Lagos,Nigeria",,,9/21/2022,September,25.6,90.3,25.9,rain,18.3,1013.2,77.7,8.4,233,8
"Lagos,Nigeria",,,9/22/2022,September,25.7,88.4,11,rain,14.8,1012.8,58.1,9,218.7,9
"Lagos,Nigeria",,,9/23/2022,September,26.5,85.3,0,rain,20.5,1012.8,64.7,9.1,199.8,7
"Lagos,Nigeria",,,9/24/2022,September,26.6,85.9,13,rain,18.4,1012.6,64.6,9.7,271.7,9
"Lagos,Nigeria",,,9/25/2022,September,26.5,84.7,12,rain,25.9,1011.8,60.6,10.6,259.8,9
"Lagos,Nigeria",,,9/26/2022,September,25.4,90.3,10,rain,47.5,1012.4,68.9,8.9,80,4
"Lagos,Nigeria",,,9/27/2022,September,25.1,88.6,3,rain,22.3,1013.5,60.8,9.4,62.4,9
"Lagos,Nigeria",,,9/28/2022,September,24.6,91.6,3,rain,21.6,1013.8,71,8.6,30.5,1
"Lagos,Nigeria",,,9/29/2022,September,25.3,86.7,0.1,rain,18,1013,59.8,10.8,249,9
"Lagos,Nigeria",,,9/30/2022,September,25.7,85.6,0,rain,22.3,1012.1,65.3,9.8,231.8,9
